/*
 Navicat Premium Data Transfer

 Source Server         : localhost8
 Source Server Type    : MySQL
 Source Server Version : 80021
 Source Host           : 192.168.1.8:3306
 Source Schema         : shop

 Target Server Type    : MySQL
 Target Server Version : 80021
 File Encoding         : 65001

 Date: 13/07/2022 22:38:19
*/

SET NAMES utf8mb4;
SET FOREIGN_KEY_CHECKS = 0;

-- ----------------------------
-- Table structure for category
-- ----------------------------
DROP TABLE IF EXISTS `category`;
CREATE TABLE `category`  (
  `category_id` bigint(0) UNSIGNED NOT NULL AUTO_INCREMENT COMMENT '类别id',
  `category_name` varchar(50) CHARACTER SET utf8 COLLATE utf8_general_ci NOT NULL DEFAULT '0' COMMENT '类别名称',
  `show_sequence` int(0) NOT NULL DEFAULT 0 COMMENT '显示顺序',
  `creator_id` bigint(0) NOT NULL COMMENT '创建人id',
  `creator_name` varchar(30) CHARACTER SET utf8 COLLATE utf8_general_ci NOT NULL COMMENT '创建人姓名',
  `created_datetime` datetime(0) NOT NULL DEFAULT CURRENT_TIMESTAMP(0) COMMENT '创建时间',
  `modifier_id` bigint(0) NULL DEFAULT NULL COMMENT '修改人id',
  `modifier_name` varchar(30) CHARACTER SET utf8 COLLATE utf8_general_ci NULL DEFAULT NULL COMMENT '修改人姓名',
  `updated_datetime` datetime(0) NULL DEFAULT NULL ON UPDATE CURRENT_TIMESTAMP(0) COMMENT '更新时间',
  `deleted` int(0) NOT NULL DEFAULT 0 COMMENT '删除状态',
  PRIMARY KEY (`category_id`) USING BTREE,
  UNIQUE INDEX `ui[wra_work]unitworklocation`(`category_name`) USING BTREE
) ENGINE = InnoDB AUTO_INCREMENT = 1433374781232214020 CHARACTER SET = utf8 COLLATE = utf8_general_ci COMMENT = '商品类别表' ROW_FORMAT = Dynamic;

-- ----------------------------
-- Records of category
-- ----------------------------
INSERT INTO `category` VALUES (1433374268235280385, '123', 0, 1, '孟现飞', '2021-12-16 04:10:10', NULL, NULL, '2021-12-16 04:16:57', 1);
INSERT INTO `category` VALUES (1433374781156716546, '个护清洁', 11, 1, '孟现飞', '2021-12-16 04:10:10', NULL, NULL, '2021-12-16 04:16:57', 0);
INSERT INTO `category` VALUES (1433374781165105154, '儿童', 9, 1, '孟现飞', '2021-12-16 04:10:10', NULL, NULL, '2021-12-16 04:16:57', 0);
INSERT INTO `category` VALUES (1433374781173493762, '内衣', 7, 1, '孟现飞', '2021-12-16 04:10:10', NULL, NULL, '2021-12-16 04:16:57', 0);
INSERT INTO `category` VALUES (1433374781181882370, '农资绿植', 27, 1, '孟现飞', '2021-12-16 04:10:10', NULL, NULL, '2021-12-16 04:16:57', 0);
INSERT INTO `category` VALUES (1433374781181882371, '医药保健', 28, 1, '孟现飞', '2021-12-16 04:10:10', NULL, NULL, '2021-12-16 04:16:57', 0);
INSERT INTO `category` VALUES (1433374781181882372, '图书文娱', 29, 1, '孟现飞', '2021-12-16 04:10:10', NULL, NULL, '2021-12-16 04:16:57', 0);
INSERT INTO `category` VALUES (1433374781190270977, '奢侈品', 14, 1, '孟现飞', '2021-12-16 04:10:10', NULL, NULL, '2021-12-16 04:16:57', 0);
INSERT INTO `category` VALUES (1433374781190270978, '女装', 5, 1, '孟现飞', '2021-12-16 04:10:10', NULL, NULL, '2021-12-16 04:16:57', 0);
INSERT INTO `category` VALUES (1433374781190270979, '女鞋', 17, 1, '孟现飞', '2021-12-16 04:10:10', NULL, NULL, '2021-12-16 04:16:57', 0);
INSERT INTO `category` VALUES (1433374781190270980, '宠物生活', 12, 1, '孟现飞', '2021-12-16 04:10:10', NULL, NULL, '2021-12-16 04:16:57', 0);
INSERT INTO `category` VALUES (1433374781198659585, '家具家装', 4, 1, '孟现飞', '2021-12-16 04:10:10', NULL, NULL, '2021-12-16 04:16:57', 0);
INSERT INTO `category` VALUES (1433374781198659586, '家居厨具', 3, 1, '孟现飞', '2021-12-16 04:10:10', NULL, NULL, '2021-12-16 04:16:57', 0);
INSERT INTO `category` VALUES (1433374781198659587, '家用电器', 0, 1, '孟现飞', '2021-12-16 04:10:10', NULL, NULL, '2021-12-16 04:16:57', 0);
INSERT INTO `category` VALUES (1433374781198659588, '户外', 20, 1, '孟现飞', '2021-12-16 04:10:10', NULL, NULL, '2021-12-16 04:16:57', 0);
INSERT INTO `category` VALUES (1433374781207048194, '房产汽车', 21, 1, '孟现飞', '2021-12-16 04:10:10', NULL, NULL, '2021-12-16 04:16:57', 0);
INSERT INTO `category` VALUES (1433374781207048195, '手机/运营商/数码', 1, 1, '孟现飞', '2021-12-16 04:10:10', NULL, NULL, '2021-12-16 04:16:57', 0);
INSERT INTO `category` VALUES (1433374781207048196, '母婴童装', 22, 1, '孟现飞', '2021-12-16 04:10:10', NULL, NULL, '2021-12-16 04:16:57', 0);
INSERT INTO `category` VALUES (1433374781215436801, '玩具乐器', 23, 1, '孟现飞', '2021-12-16 04:10:10', NULL, NULL, '2021-12-16 04:16:57', 0);
INSERT INTO `category` VALUES (1433374781215436802, '珠宝', 16, 1, '孟现飞', '2021-12-16 04:10:10', NULL, NULL, '2021-12-16 04:16:57', 0);
INSERT INTO `category` VALUES (1433374781215436803, '电脑/办公', 2, 1, '孟现飞', '2021-12-16 04:10:10', NULL, NULL, '2021-12-16 04:16:57', 0);
INSERT INTO `category` VALUES (1433374781215436804, '男装', 6, 1, '孟现飞', '2021-12-16 04:10:10', NULL, NULL, '2021-12-16 04:16:57', 0);
INSERT INTO `category` VALUES (1433374781215436805, '男鞋', 18, 1, '孟现飞', '2021-12-16 04:10:10', NULL, NULL, '2021-12-16 04:16:57', 0);
INSERT INTO `category` VALUES (1433374781223825410, '礼品鲜花', 26, 1, '孟现飞', '2021-12-16 04:10:10', NULL, NULL, '2021-12-16 04:16:57', 0);
INSERT INTO `category` VALUES (1433374781223825411, '箱包', 13, 1, '孟现飞', '2021-12-16 04:10:10', NULL, NULL, '2021-12-16 04:16:57', 0);
INSERT INTO `category` VALUES (1433374781223825412, '美妆护肤', 10, 1, '孟现飞', '2021-12-16 04:10:10', NULL, NULL, '2021-12-16 04:16:57', 0);
INSERT INTO `category` VALUES (1433374781223825413, '艺术', 25, 1, '孟现飞', '2021-12-16 04:10:10', NULL, NULL, '2021-12-16 04:16:57', 0);
INSERT INTO `category` VALUES (1433374781223825414, '运动', 19, 1, '孟现飞', '2021-12-16 04:10:10', NULL, NULL, '2021-12-16 04:16:57', 0);
INSERT INTO `category` VALUES (1433374781232214018, '配饰', 8, 1, '孟现飞', '2021-12-16 04:10:10', NULL, NULL, '2021-12-16 04:16:57', 0);
INSERT INTO `category` VALUES (1433374781232214019, '酒类特产', 24, 1, '孟现飞', '2021-12-16 04:10:10', NULL, NULL, '2021-12-16 04:16:57', 0);
INSERT INTO `category` VALUES (1433374781232214020, '钟表', 15, 1, '孟现飞', '2021-12-16 04:10:10', NULL, NULL, '2021-12-16 04:16:57', 0);

-- ----------------------------
-- Table structure for cos_file
-- ----------------------------
DROP TABLE IF EXISTS `cos_file`;
CREATE TABLE `cos_file`  (
  `cos_file_id` bigint(0) NOT NULL COMMENT 'id',
  `file_type` varchar(20) CHARACTER SET utf8 COLLATE utf8_general_ci NOT NULL COMMENT '图片，视频，音频，文档，压缩包，其它，数据字典',
  `file_ext_name` varchar(10) CHARACTER SET utf8 COLLATE utf8_general_ci NOT NULL COMMENT '文件扩展名',
  `origin_file_name` varchar(200) CHARACTER SET utf8 COLLATE utf8_general_ci NOT NULL COMMENT '原文件名',
  `file_name` varchar(200) CHARACTER SET utf8 COLLATE utf8_general_ci NOT NULL COMMENT '文件名',
  `cos_url` varchar(500) CHARACTER SET utf8 COLLATE utf8_general_ci NOT NULL COMMENT 'cos文件全路径',
  `cos_key` varchar(300) CHARACTER SET utf8 COLLATE utf8_general_ci NOT NULL COMMENT 'cos key',
  `related_table_name` varchar(50) CHARACTER SET utf8 COLLATE utf8_general_ci NULL DEFAULT NULL COMMENT '相关表名',
  `related_id` bigint(0) UNSIGNED NULL DEFAULT NULL COMMENT '相关id',
  `tag` char(1) CHARACTER SET utf8 COLLATE utf8_general_ci NULL DEFAULT NULL COMMENT '区分标记',
  `file_size` int(0) NOT NULL COMMENT '文件大小【位】',
  `uploader_id` bigint(0) NOT NULL COMMENT '上传人id',
  `uploader_name` varchar(30) CHARACTER SET utf8 COLLATE utf8_general_ci NOT NULL COMMENT '上传人姓名',
  `upload_datetime` datetime(0) NOT NULL DEFAULT CURRENT_TIMESTAMP(0) COMMENT '录入时间',
  `deleted` int(0) NOT NULL DEFAULT 0 COMMENT '删除状态，0：未删除，1：已删除',
  PRIMARY KEY (`cos_file_id`) USING BTREE,
  UNIQUE INDEX `ui[cos_url]cos_url`(`cos_url`) USING BTREE,
  UNIQUE INDEX `ui[cos_url]cos_key`(`cos_key`) USING BTREE
) ENGINE = InnoDB CHARACTER SET = utf8 COLLATE = utf8_general_ci COMMENT = '云存储文件表' ROW_FORMAT = Dynamic;

-- ----------------------------
-- Table structure for order
-- ----------------------------
DROP TABLE IF EXISTS `order`;
CREATE TABLE `order`  (
  `order_id` bigint(0) UNSIGNED NOT NULL AUTO_INCREMENT COMMENT '订单id',
  `user_id` bigint(0) UNSIGNED NOT NULL COMMENT '用户id',
  `order_time` datetime(0) NOT NULL COMMENT '下单时间',
  `amount` decimal(10, 2) NOT NULL COMMENT '订单金额',
  `state` int(0) NOT NULL COMMENT '订单状态，0：未支付，1：已支付，2：已发货，3：退货，4：签收',
  `modifier_id` bigint(0) NULL DEFAULT NULL COMMENT '修改人id',
  `modifier_name` varchar(30) CHARACTER SET utf8 COLLATE utf8_general_ci NULL DEFAULT NULL COMMENT '修改人姓名',
  `updated_datetime` datetime(0) NULL DEFAULT NULL ON UPDATE CURRENT_TIMESTAMP(0) COMMENT '更新时间',
  `deleted` int(0) NOT NULL DEFAULT 0 COMMENT '删除状态',
  PRIMARY KEY (`order_id`) USING BTREE,
  UNIQUE INDEX `ui[wra_work]unitworklocation`(`order_time`, `user_id`) USING BTREE,
  INDEX `fk[product]category`(`user_id`) USING BTREE,
  CONSTRAINT `fk[order]user` FOREIGN KEY (`user_id`) REFERENCES `user` (`user_id`) ON DELETE RESTRICT ON UPDATE CASCADE
) ENGINE = InnoDB CHARACTER SET = utf8 COLLATE = utf8_general_ci COMMENT = '订单表' ROW_FORMAT = Dynamic;

-- ----------------------------
-- Table structure for org
-- ----------------------------
DROP TABLE IF EXISTS `org`;
CREATE TABLE `org`  (
  `org_id` bigint(0) UNSIGNED NOT NULL AUTO_INCREMENT COMMENT '部门id',
  `org_sn` varchar(50) CHARACTER SET utf8 COLLATE utf8_general_ci NOT NULL COMMENT '部门编码，以上级部门编码开头加上-',
  `org_name` varchar(50) CHARACTER SET utf8 COLLATE utf8_general_ci NOT NULL COMMENT '部门编码名称',
  `parent_org_sn` varchar(50) CHARACTER SET utf8 COLLATE utf8_general_ci NULL DEFAULT NULL COMMENT '父级部门编号',
  `leaf` int(0) UNSIGNED NOT NULL DEFAULT 0 COMMENT '末级，0：不是，1：是',
  `abbreviation` varchar(30) CHARACTER SET utf8 COLLATE utf8_general_ci NOT NULL COMMENT '简称',
  `director_id` bigint(0) NULL DEFAULT NULL COMMENT '主管id',
  `show_sequence` int(0) NOT NULL DEFAULT 0 COMMENT '显示顺序',
  `creator_id` bigint(0) NOT NULL COMMENT '创建人id',
  `creator_name` varchar(30) CHARACTER SET utf8 COLLATE utf8_general_ci NOT NULL COMMENT '创建人姓名',
  `created_datetime` datetime(0) NOT NULL DEFAULT CURRENT_TIMESTAMP(0) COMMENT '创建时间',
  `modifier_id` bigint(0) NULL DEFAULT NULL COMMENT '修改人id',
  `modifier_name` varchar(30) CHARACTER SET utf8 COLLATE utf8_general_ci NULL DEFAULT NULL COMMENT '修改人姓名',
  `updated_datetime` datetime(0) NULL DEFAULT NULL ON UPDATE CURRENT_TIMESTAMP(0) COMMENT '更新时间',
  `deleted` int(0) NOT NULL DEFAULT 0 COMMENT '删除状态',
  PRIMARY KEY (`org_id`) USING BTREE,
  UNIQUE INDEX `ui[org]org_sn`(`org_sn`) USING BTREE,
  INDEX `fk[org]parent_org_sn`(`parent_org_sn`) USING BTREE,
  INDEX `fk[org]director`(`director_id`) USING BTREE,
  CONSTRAINT `fk[org]parent_org_sn` FOREIGN KEY (`parent_org_sn`) REFERENCES `org` (`org_sn`) ON DELETE RESTRICT ON UPDATE CASCADE
) ENGINE = InnoDB AUTO_INCREMENT = 5 CHARACTER SET = utf8 COLLATE = utf8_general_ci COMMENT = '部门表' ROW_FORMAT = Dynamic;

-- ----------------------------
-- Records of org
-- ----------------------------
INSERT INTO `org` VALUES (1, 'DL', '得力文具', NULL, 0, '得力', NULL, 1, 0, '', '2022-05-04 21:24:40', NULL, NULL, NULL, 0);
INSERT INTO `org` VALUES (2, 'DL_01', '公司领导', 'DL', 1, '公司领导', 1, 1, 0, '', '2022-05-04 21:24:40', NULL, NULL, '2021-10-21 23:19:42', 0);
INSERT INTO `org` VALUES (3, 'DL_02', '综合办', 'DL', 1, '综合办', NULL, 2, 0, '', '2022-05-04 21:24:40', NULL, NULL, NULL, 0);
INSERT INTO `org` VALUES (4, 'DL_03', '生产办', 'DL', 1, '生产办', NULL, 3, 0, '', '2022-05-04 21:24:40', NULL, NULL, '2021-10-21 23:06:53', 0);
INSERT INTO `org` VALUES (5, 'DL_04', '销售办', 'DL', 1, '销售办', NULL, 4, 0, '', '2022-05-04 21:24:40', NULL, NULL, '2021-10-21 23:06:47', 0);

-- ----------------------------
-- Table structure for product
-- ----------------------------
DROP TABLE IF EXISTS `product`;
CREATE TABLE `product`  (
  `product_id` bigint(0) UNSIGNED NOT NULL AUTO_INCREMENT COMMENT '商品id',
  `category_id` bigint(0) UNSIGNED NOT NULL COMMENT '商品类别',
  `product_name` varchar(50) CHARACTER SET utf8 COLLATE utf8_general_ci NOT NULL DEFAULT '0' COMMENT '商品名称',
  `introduction` longtext CHARACTER SET utf8 COLLATE utf8_general_ci NULL COMMENT '商品简介',
  `price` int(0) NOT NULL COMMENT '积分',
  `stock` int(0) NOT NULL COMMENT '库存',
  `sale_count` int(0) NOT NULL DEFAULT 0 COMMENT '销量',
  `on_shelf` int(0) NOT NULL DEFAULT 0 COMMENT '上驾，0：下架，1：上架',
  `creator_id` bigint(0) NOT NULL COMMENT '创建人id',
  `creator_name` varchar(30) CHARACTER SET utf8 COLLATE utf8_general_ci NOT NULL COMMENT '创建人姓名',
  `created_datetime` datetime(0) NOT NULL DEFAULT CURRENT_TIMESTAMP(0) COMMENT '创建时间',
  `modifier_id` bigint(0) NULL DEFAULT NULL COMMENT '修改人id',
  `modifier_name` varchar(30) CHARACTER SET utf8 COLLATE utf8_general_ci NULL DEFAULT NULL COMMENT '修改人姓名',
  `updated_datetime` datetime(0) NULL DEFAULT NULL ON UPDATE CURRENT_TIMESTAMP(0) COMMENT '更新时间',
  `deleted` int(0) NOT NULL DEFAULT 0 COMMENT '删除状态',
  PRIMARY KEY (`product_id`) USING BTREE,
  UNIQUE INDEX `ui[wra_work]unitworklocation`(`product_name`, `category_id`) USING BTREE,
  INDEX `fk[product]category`(`category_id`) USING BTREE,
  CONSTRAINT `fk[product]category` FOREIGN KEY (`category_id`) REFERENCES `category` (`category_id`) ON DELETE RESTRICT ON UPDATE CASCADE
) ENGINE = InnoDB AUTO_INCREMENT = 1434088378199490562 CHARACTER SET = utf8 COLLATE = utf8_general_ci COMMENT = '商品表' ROW_FORMAT = Dynamic;

-- ----------------------------
-- Records of product
-- ----------------------------
INSERT INTO `product` VALUES (306872, 1433374781198659587, '冰丝棉 男士短袖T恤夏季白色衣服男装纯色半袖夏装打底衫宽松体恤', '<figure class=\"image image_resized\" style=\"width:790px;\"><img src=\"https://gw.alicdn.com/tfscom/TB1Z5e6yVmWBuNjSspdXXbugXXa.png\"></figure><figure class=\"image image_resized\" style=\"width:790px;\"><img src=\"https://img.alicdn.com/tfs/TB1tqFIxpzqK1RjSZFCXXbbxVXa-790-180.png\"></figure><p style=\"margin-left:0px;\"><span style=\"color:rgb(0,0,0);\">送货入户</span></p><p style=\"margin-left:0px;\">1.在天猫电器购买带有“送货入户”标识的商品，则商家须向消费者提供搬楼、送货入户的特殊服务。</p><p style=\"margin-left:0px;\">2.如若违背承诺，并由天猫判定投诉成立，商家向消费者支付10000个天猫积分。</p><p style=\"margin-left:0px;\"><span style=\"color:rgb(0,0,0);\">30天无忧退</span></p><p style=\"margin-left:0px;\">1.购买带有“ 30天无忧退”标识的电器类商品时，消费者可选择 “30天质量问题无忧退”退款原因发起退款，由服务商提供预约免费上门鉴定和上门退货的服务。</p><p style=\"margin-left:0px;\">2.服务商未履行或未按服务时效承诺履行30天无忧退货服务的，每个子订单需向消费者支付30元的违约金。</p><figure class=\"image image_resized\" style=\"width:auto;\"><img src=\"https://img.alicdn.com/imgextra/i2/1014281128/O1CN01OpIuBG1KCfSxC9ynK_!!1014281128.jpg\"></figure><figure class=\"image image_resized\" style=\"width:auto;\"><img src=\"https://img.alicdn.com/imgextra/i1/1014281128/O1CN01mj4jqw1KCfSnAJVDd_!!1014281128.jpg\"></figure><figure class=\"image image_resized\" style=\"width:auto;\"><img src=\"https://img.alicdn.com/imgextra/i4/1014281128/O1CN01qAq8qE1KCfSnCB7ur_!!1014281128.jpg\"></figure><figure class=\"image image_resized\" style=\"width:auto;\"><img src=\"https://img.alicdn.com/imgextra/i1/1014281128/O1CN01GRzy5n1KCfREpB3RH_!!1014281128.jpg\"></figure><figure class=\"image image_resized\" style=\"width:auto;\"><img src=\"https://img.alicdn.com/imgextra/i4/1014281128/O1CN01ouMqYg1KCfR9x5CaH_!!1014281128.jpg\"></figure><figure class=\"image image_resized\" style=\"width:auto;\"><img src=\"https://img.alicdn.com/imgextra/i4/1014281128/O1CN01bjl0YK1KCfRDovxnr_!!1014281128.jpg\"></figure><figure class=\"image image_resized\" style=\"width:auto;\"><img src=\"https://img.alicdn.com/imgextra/i3/1014281128/O1CN01QhxpOr1KCfRX0QIG9_!!1014281128.jpg\"></figure><figure class=\"image image_resized\" style=\"width:auto;\"><img src=\"https://img.alicdn.com/imgextra/i2/1014281128/O1CN01u3HiBu1KCfR9x5TDW_!!1014281128.jpg\"></figure>', 5, 18, 2, 1, 1, '孟现飞', '2012-06-06 13:41:55', NULL, NULL, '2021-12-16 04:18:49', 0);
INSERT INTO `product` VALUES (1752572, 1433374781156716546, '优衣库 男装/女装 (UT) KAWS印花圆领T恤(短袖) 446311/446312', '<figure class=\"image image_resized\" style=\"width:790px;\"><img src=\"https://gw.alicdn.com/tfscom/TB1Z5e6yVmWBuNjSspdXXbugXXa.png\"></figure><figure class=\"image image_resized\" style=\"width:790px;\"><img src=\"https://img.alicdn.com/tfs/TB1tqFIxpzqK1RjSZFCXXbbxVXa-790-180.png\"></figure><p style=\"margin-left:0px;\"><span style=\"color:rgb(0,0,0);\">送货入户</span></p><p style=\"margin-left:0px;\">1.在天猫电器购买带有“送货入户”标识的商品，则商家须向消费者提供搬楼、送货入户的特殊服务。</p><p style=\"margin-left:0px;\">2.如若违背承诺，并由天猫判定投诉成立，商家向消费者支付10000个天猫积分。</p><p style=\"margin-left:0px;\"><span style=\"color:rgb(0,0,0);\">30天无忧退</span></p><p style=\"margin-left:0px;\">1.购买带有“ 30天无忧退”标识的电器类商品时，消费者可选择 “30天质量问题无忧退”退款原因发起退款，由服务商提供预约免费上门鉴定和上门退货的服务。</p><p style=\"margin-left:0px;\">2.服务商未履行或未按服务时效承诺履行30天无忧退货服务的，每个子订单需向消费者支付30元的违约金。</p><p style=\"margin-left:0px;\">&nbsp;</p><p style=\"margin-left:0px;\">&nbsp;</p><figure class=\"image image_resized\" style=\"width:auto;\"><img src=\"https://assets.alicdn.com/kissy/1.0.0/build/imglazyload/spaceball.gif\"></figure><figure class=\"image image_resized\" style=\"width:auto;\"><img src=\"https://img.alicdn.com/imgextra/i2/1014281128/O1CN01OpIuBG1KCfSxC9ynK_!!1014281128.jpg\"></figure><figure class=\"image image_resized\" style=\"width:auto;\"><img src=\"https://img.alicdn.com/imgextra/i1/1014281128/O1CN01mj4jqw1KCfSnAJVDd_!!1014281128.jpg\"></figure><figure class=\"image image_resized\" style=\"width:auto;\"><img src=\"https://img.alicdn.com/imgextra/i4/1014281128/O1CN01qAq8qE1KCfSnCB7ur_!!1014281128.jpg\"></figure><figure class=\"image image_resized\" style=\"width:auto;\"><img src=\"https://img.alicdn.com/imgextra/i1/1014281128/O1CN01GRzy5n1KCfREpB3RH_!!1014281128.jpg\"></figure><figure class=\"image image_resized\" style=\"width:auto;\"><img src=\"https://img.alicdn.com/imgextra/i4/1014281128/O1CN01ouMqYg1KCfR9x5CaH_!!1014281128.jpg\"></figure><figure class=\"image image_resized\" style=\"width:auto;\"><img src=\"https://img.alicdn.com/imgextra/i4/1014281128/O1CN01bjl0YK1KCfRDovxnr_!!1014281128.jpg\"></figure><figure class=\"image image_resized\" style=\"width:auto;\"><img src=\"https://img.alicdn.com/imgextra/i3/1014281128/O1CN01QhxpOr1KCfRX0QIG9_!!1014281128.jpg\"></figure><figure class=\"image image_resized\" style=\"width:auto;\"><img src=\"https://img.alicdn.com/imgextra/i2/1014281128/O1CN01u3HiBu1KCfR9x5TDW_!!1014281128.jpg\"></figure>', 5, 20, 0, 1, 1, '孟现飞', '2012-12-30 05:07:01', NULL, NULL, '2021-12-16 22:07:40', 0);
INSERT INTO `product` VALUES (2621543, 1433374781165105154, 'CHINISM CH短袖t恤男水洗做旧美式高街潮牌宽松黑色夏季男生半袖', '<figure class=\"image image_resized\" style=\"width:790px;\"><img src=\"https://gw.alicdn.com/tfscom/TB1Z5e6yVmWBuNjSspdXXbugXXa.png\"></figure><figure class=\"image image_resized\" style=\"width:790px;\"><img src=\"https://img.alicdn.com/tfs/TB1tqFIxpzqK1RjSZFCXXbbxVXa-790-180.png\"></figure><p style=\"margin-left:0px;\"><span style=\"color:rgb(0,0,0);\">送货入户</span></p><p style=\"margin-left:0px;\">1.在天猫电器购买带有“送货入户”标识的商品，则商家须向消费者提供搬楼、送货入户的特殊服务。</p><p style=\"margin-left:0px;\">2.如若违背承诺，并由天猫判定投诉成立，商家向消费者支付10000个天猫积分。</p><p style=\"margin-left:0px;\"><span style=\"color:rgb(0,0,0);\">30天无忧退</span></p><p style=\"margin-left:0px;\">1.购买带有“ 30天无忧退”标识的电器类商品时，消费者可选择 “30天质量问题无忧退”退款原因发起退款，由服务商提供预约免费上门鉴定和上门退货的服务。</p><p style=\"margin-left:0px;\">2.服务商未履行或未按服务时效承诺履行30天无忧退货服务的，每个子订单需向消费者支付30元的违约金。</p><p style=\"margin-left:0px;\">&nbsp;</p><p style=\"margin-left:0px;\">&nbsp;</p><figure class=\"image image_resized\" style=\"width:auto;\"><img src=\"https://assets.alicdn.com/kissy/1.0.0/build/imglazyload/spaceball.gif\"></figure><figure class=\"image image_resized\" style=\"width:auto;\"><img src=\"https://img.alicdn.com/imgextra/i2/1014281128/O1CN01OpIuBG1KCfSxC9ynK_!!1014281128.jpg\"></figure><figure class=\"image image_resized\" style=\"width:auto;\"><img src=\"https://img.alicdn.com/imgextra/i1/1014281128/O1CN01mj4jqw1KCfSnAJVDd_!!1014281128.jpg\"></figure><figure class=\"image image_resized\" style=\"width:auto;\"><img src=\"https://img.alicdn.com/imgextra/i4/1014281128/O1CN01qAq8qE1KCfSnCB7ur_!!1014281128.jpg\"></figure><figure class=\"image image_resized\" style=\"width:auto;\"><img src=\"https://img.alicdn.com/imgextra/i1/1014281128/O1CN01GRzy5n1KCfREpB3RH_!!1014281128.jpg\"></figure><figure class=\"image image_resized\" style=\"width:auto;\"><img src=\"https://img.alicdn.com/imgextra/i4/1014281128/O1CN01ouMqYg1KCfR9x5CaH_!!1014281128.jpg\"></figure><figure class=\"image image_resized\" style=\"width:auto;\"><img src=\"https://img.alicdn.com/imgextra/i4/1014281128/O1CN01bjl0YK1KCfRDovxnr_!!1014281128.jpg\"></figure><figure class=\"image image_resized\" style=\"width:auto;\"><img src=\"https://img.alicdn.com/imgextra/i3/1014281128/O1CN01QhxpOr1KCfRX0QIG9_!!1014281128.jpg\"></figure><figure class=\"image image_resized\" style=\"width:auto;\"><img src=\"https://img.alicdn.com/imgextra/i2/1014281128/O1CN01u3HiBu1KCfR9x5TDW_!!1014281128.jpg\"></figure>', 5, 20, 0, 1, 1, '孟现飞', '2012-06-08 09:31:53', NULL, NULL, '2021-12-16 22:07:53', 0);
INSERT INTO `product` VALUES (2816183, 1433374781198659588, '优衣库 男装/女装 宽松衬衫式茄克(外套) 443322 UNIQLO', '<figure class=\"image image_resized\" style=\"width:790px;\"><img src=\"https://gw.alicdn.com/tfscom/TB1Z5e6yVmWBuNjSspdXXbugXXa.png\"></figure><figure class=\"image image_resized\" style=\"width:790px;\"><img src=\"https://img.alicdn.com/tfs/TB1tqFIxpzqK1RjSZFCXXbbxVXa-790-180.png\"></figure><p style=\"margin-left:0px;\"><span style=\"color:rgb(0,0,0);\">送货入户</span></p><p style=\"margin-left:0px;\">1.在天猫电器购买带有“送货入户”标识的商品，则商家须向消费者提供搬楼、送货入户的特殊服务。</p><p style=\"margin-left:0px;\">2.如若违背承诺，并由天猫判定投诉成立，商家向消费者支付10000个天猫积分。</p><p style=\"margin-left:0px;\"><span style=\"color:rgb(0,0,0);\">30天无忧退</span></p><p style=\"margin-left:0px;\">1.购买带有“ 30天无忧退”标识的电器类商品时，消费者可选择 “30天质量问题无忧退”退款原因发起退款，由服务商提供预约免费上门鉴定和上门退货的服务。</p><p style=\"margin-left:0px;\">2.服务商未履行或未按服务时效承诺履行30天无忧退货服务的，每个子订单需向消费者支付30元的违约金。</p><p style=\"margin-left:0px;\">&nbsp;</p><p style=\"margin-left:0px;\">&nbsp;</p><figure class=\"image image_resized\" style=\"width:auto;\"><img src=\"https://assets.alicdn.com/kissy/1.0.0/build/imglazyload/spaceball.gif\"></figure><figure class=\"image image_resized\" style=\"width:auto;\"><img src=\"https://img.alicdn.com/imgextra/i2/1014281128/O1CN01OpIuBG1KCfSxC9ynK_!!1014281128.jpg\"></figure><figure class=\"image image_resized\" style=\"width:auto;\"><img src=\"https://img.alicdn.com/imgextra/i1/1014281128/O1CN01mj4jqw1KCfSnAJVDd_!!1014281128.jpg\"></figure><figure class=\"image image_resized\" style=\"width:auto;\"><img src=\"https://img.alicdn.com/imgextra/i4/1014281128/O1CN01qAq8qE1KCfSnCB7ur_!!1014281128.jpg\"></figure><figure class=\"image image_resized\" style=\"width:auto;\"><img src=\"https://img.alicdn.com/imgextra/i1/1014281128/O1CN01GRzy5n1KCfREpB3RH_!!1014281128.jpg\"></figure><figure class=\"image image_resized\" style=\"width:auto;\"><img src=\"https://img.alicdn.com/imgextra/i4/1014281128/O1CN01ouMqYg1KCfR9x5CaH_!!1014281128.jpg\"></figure><figure class=\"image image_resized\" style=\"width:auto;\"><img src=\"https://img.alicdn.com/imgextra/i4/1014281128/O1CN01bjl0YK1KCfRDovxnr_!!1014281128.jpg\"></figure><figure class=\"image image_resized\" style=\"width:auto;\"><img src=\"https://img.alicdn.com/imgextra/i3/1014281128/O1CN01QhxpOr1KCfRX0QIG9_!!1014281128.jpg\"></figure><figure class=\"image image_resized\" style=\"width:auto;\"><img src=\"https://img.alicdn.com/imgextra/i2/1014281128/O1CN01u3HiBu1KCfR9x5TDW_!!1014281128.jpg\"></figure>', 5, 19, 1, 1, 1, '孟现飞', '2012-10-03 04:40:11', NULL, NULL, '2021-12-16 22:07:55', 0);
INSERT INTO `product` VALUES (3123069, 1433374781198659587, '李宁卫衣男士秋季2021新款情侣秋装宽松长袖男生套头衫运动上衣女', '<figure class=\"image image_resized\" style=\"width:790px;\"><img src=\"https://gw.alicdn.com/tfscom/TB1Z5e6yVmWBuNjSspdXXbugXXa.png\"></figure><figure class=\"image image_resized\" style=\"width:790px;\"><img src=\"https://img.alicdn.com/tfs/TB1tqFIxpzqK1RjSZFCXXbbxVXa-790-180.png\"></figure><p style=\"margin-left:0px;\"><span style=\"color:rgb(0,0,0);\">送货入户</span></p><p style=\"margin-left:0px;\">1.在天猫电器购买带有“送货入户”标识的商品，则商家须向消费者提供搬楼、送货入户的特殊服务。</p><p style=\"margin-left:0px;\">2.如若违背承诺，并由天猫判定投诉成立，商家向消费者支付10000个天猫积分。</p><p style=\"margin-left:0px;\"><span style=\"color:rgb(0,0,0);\">30天无忧退</span></p><p style=\"margin-left:0px;\">1.购买带有“ 30天无忧退”标识的电器类商品时，消费者可选择 “30天质量问题无忧退”退款原因发起退款，由服务商提供预约免费上门鉴定和上门退货的服务。</p><p style=\"margin-left:0px;\">2.服务商未履行或未按服务时效承诺履行30天无忧退货服务的，每个子订单需向消费者支付30元的违约金。</p><p style=\"margin-left:0px;\">&nbsp;</p><p style=\"margin-left:0px;\">&nbsp;</p><figure class=\"image image_resized\" style=\"width:auto;\"><img src=\"https://assets.alicdn.com/kissy/1.0.0/build/imglazyload/spaceball.gif\"></figure><figure class=\"image image_resized\" style=\"width:auto;\"><img src=\"https://img.alicdn.com/imgextra/i2/1014281128/O1CN01OpIuBG1KCfSxC9ynK_!!1014281128.jpg\"></figure><figure class=\"image image_resized\" style=\"width:auto;\"><img src=\"https://img.alicdn.com/imgextra/i1/1014281128/O1CN01mj4jqw1KCfSnAJVDd_!!1014281128.jpg\"></figure><figure class=\"image image_resized\" style=\"width:auto;\"><img src=\"https://img.alicdn.com/imgextra/i4/1014281128/O1CN01qAq8qE1KCfSnCB7ur_!!1014281128.jpg\"></figure><figure class=\"image image_resized\" style=\"width:auto;\"><img src=\"https://img.alicdn.com/imgextra/i1/1014281128/O1CN01GRzy5n1KCfREpB3RH_!!1014281128.jpg\"></figure><figure class=\"image image_resized\" style=\"width:auto;\"><img src=\"https://img.alicdn.com/imgextra/i4/1014281128/O1CN01ouMqYg1KCfR9x5CaH_!!1014281128.jpg\"></figure><figure class=\"image image_resized\" style=\"width:auto;\"><img src=\"https://img.alicdn.com/imgextra/i4/1014281128/O1CN01bjl0YK1KCfRDovxnr_!!1014281128.jpg\"></figure><figure class=\"image image_resized\" style=\"width:auto;\"><img src=\"https://img.alicdn.com/imgextra/i3/1014281128/O1CN01QhxpOr1KCfRX0QIG9_!!1014281128.jpg\"></figure><figure class=\"image image_resized\" style=\"width:auto;\"><img src=\"https://img.alicdn.com/imgextra/i2/1014281128/O1CN01u3HiBu1KCfR9x5TDW_!!1014281128.jpg\"></figure>', 5, 18, 2, 1, 1, '孟现飞', '2012-09-15 12:27:30', NULL, NULL, '2021-12-16 04:18:49', 0);
INSERT INTO `product` VALUES (3482496, 1433374781198659587, 'A21男装圆领长袖卫衣2021秋新款潮牌纯色男士衣服情侣装上衣ins女', '<figure class=\"image image_resized\" style=\"width:790px;\"><img src=\"https://gw.alicdn.com/tfscom/TB1Z5e6yVmWBuNjSspdXXbugXXa.png\"></figure><figure class=\"image image_resized\" style=\"width:790px;\"><img src=\"https://img.alicdn.com/tfs/TB1tqFIxpzqK1RjSZFCXXbbxVXa-790-180.png\"></figure><p style=\"margin-left:0px;\"><span style=\"color:rgb(0,0,0);\">送货入户</span></p><p style=\"margin-left:0px;\">1.在天猫电器购买带有“送货入户”标识的商品，则商家须向消费者提供搬楼、送货入户的特殊服务。</p><p style=\"margin-left:0px;\">2.如若违背承诺，并由天猫判定投诉成立，商家向消费者支付10000个天猫积分。</p><p style=\"margin-left:0px;\"><span style=\"color:rgb(0,0,0);\">30天无忧退</span></p><p style=\"margin-left:0px;\">1.购买带有“ 30天无忧退”标识的电器类商品时，消费者可选择 “30天质量问题无忧退”退款原因发起退款，由服务商提供预约免费上门鉴定和上门退货的服务。</p><p style=\"margin-left:0px;\">2.服务商未履行或未按服务时效承诺履行30天无忧退货服务的，每个子订单需向消费者支付30元的违约金。</p><p style=\"margin-left:0px;\">&nbsp;</p><p style=\"margin-left:0px;\">&nbsp;</p><figure class=\"image image_resized\" style=\"width:auto;\"><img src=\"https://assets.alicdn.com/kissy/1.0.0/build/imglazyload/spaceball.gif\"></figure><figure class=\"image image_resized\" style=\"width:auto;\"><img src=\"https://img.alicdn.com/imgextra/i2/1014281128/O1CN01OpIuBG1KCfSxC9ynK_!!1014281128.jpg\"></figure><figure class=\"image image_resized\" style=\"width:auto;\"><img src=\"https://img.alicdn.com/imgextra/i1/1014281128/O1CN01mj4jqw1KCfSnAJVDd_!!1014281128.jpg\"></figure><figure class=\"image image_resized\" style=\"width:auto;\"><img src=\"https://img.alicdn.com/imgextra/i4/1014281128/O1CN01qAq8qE1KCfSnCB7ur_!!1014281128.jpg\"></figure><figure class=\"image image_resized\" style=\"width:auto;\"><img src=\"https://img.alicdn.com/imgextra/i1/1014281128/O1CN01GRzy5n1KCfREpB3RH_!!1014281128.jpg\"></figure><figure class=\"image image_resized\" style=\"width:auto;\"><img src=\"https://img.alicdn.com/imgextra/i4/1014281128/O1CN01ouMqYg1KCfR9x5CaH_!!1014281128.jpg\"></figure><figure class=\"image image_resized\" style=\"width:auto;\"><img src=\"https://img.alicdn.com/imgextra/i4/1014281128/O1CN01bjl0YK1KCfRDovxnr_!!1014281128.jpg\"></figure><figure class=\"image image_resized\" style=\"width:auto;\"><img src=\"https://img.alicdn.com/imgextra/i3/1014281128/O1CN01QhxpOr1KCfRX0QIG9_!!1014281128.jpg\"></figure><figure class=\"image image_resized\" style=\"width:auto;\"><img src=\"https://img.alicdn.com/imgextra/i2/1014281128/O1CN01u3HiBu1KCfR9x5TDW_!!1014281128.jpg\"></figure>', 5, 20, 0, 1, 1, '孟现飞', '2012-10-09 00:21:53', NULL, NULL, '2021-12-16 04:18:49', 0);
INSERT INTO `product` VALUES (3512929, 1433374781198659587, '【预售104】安踏套头卫衣无帽2021新款圆领休闲运动男士春装上衣', '<figure class=\"image image_resized\" style=\"width:790px;\"><img src=\"https://gw.alicdn.com/tfscom/TB1Z5e6yVmWBuNjSspdXXbugXXa.png\"></figure><figure class=\"image image_resized\" style=\"width:790px;\"><img src=\"https://img.alicdn.com/tfs/TB1tqFIxpzqK1RjSZFCXXbbxVXa-790-180.png\"></figure><p style=\"margin-left:0px;\"><span style=\"color:rgb(0,0,0);\">送货入户</span></p><p style=\"margin-left:0px;\">1.在天猫电器购买带有“送货入户”标识的商品，则商家须向消费者提供搬楼、送货入户的特殊服务。</p><p style=\"margin-left:0px;\">2.如若违背承诺，并由天猫判定投诉成立，商家向消费者支付10000个天猫积分。</p><p style=\"margin-left:0px;\"><span style=\"color:rgb(0,0,0);\">30天无忧退</span></p><p style=\"margin-left:0px;\">1.购买带有“ 30天无忧退”标识的电器类商品时，消费者可选择 “30天质量问题无忧退”退款原因发起退款，由服务商提供预约免费上门鉴定和上门退货的服务。</p><p style=\"margin-left:0px;\">2.服务商未履行或未按服务时效承诺履行30天无忧退货服务的，每个子订单需向消费者支付30元的违约金。</p><p style=\"margin-left:0px;\">&nbsp;</p><p style=\"margin-left:0px;\">&nbsp;</p><figure class=\"image image_resized\" style=\"width:auto;\"><img src=\"https://assets.alicdn.com/kissy/1.0.0/build/imglazyload/spaceball.gif\"></figure><figure class=\"image image_resized\" style=\"width:auto;\"><img src=\"https://img.alicdn.com/imgextra/i2/1014281128/O1CN01OpIuBG1KCfSxC9ynK_!!1014281128.jpg\"></figure><figure class=\"image image_resized\" style=\"width:auto;\"><img src=\"https://img.alicdn.com/imgextra/i1/1014281128/O1CN01mj4jqw1KCfSnAJVDd_!!1014281128.jpg\"></figure><figure class=\"image image_resized\" style=\"width:auto;\"><img src=\"https://img.alicdn.com/imgextra/i4/1014281128/O1CN01qAq8qE1KCfSnCB7ur_!!1014281128.jpg\"></figure><figure class=\"image image_resized\" style=\"width:auto;\"><img src=\"https://img.alicdn.com/imgextra/i1/1014281128/O1CN01GRzy5n1KCfREpB3RH_!!1014281128.jpg\"></figure><figure class=\"image image_resized\" style=\"width:auto;\"><img src=\"https://img.alicdn.com/imgextra/i4/1014281128/O1CN01ouMqYg1KCfR9x5CaH_!!1014281128.jpg\"></figure><figure class=\"image image_resized\" style=\"width:auto;\"><img src=\"https://img.alicdn.com/imgextra/i4/1014281128/O1CN01bjl0YK1KCfRDovxnr_!!1014281128.jpg\"></figure><figure class=\"image image_resized\" style=\"width:auto;\"><img src=\"https://img.alicdn.com/imgextra/i3/1014281128/O1CN01QhxpOr1KCfRX0QIG9_!!1014281128.jpg\"></figure><figure class=\"image image_resized\" style=\"width:auto;\"><img src=\"https://img.alicdn.com/imgextra/i2/1014281128/O1CN01u3HiBu1KCfR9x5TDW_!!1014281128.jpg\"></figure>', 5, 20, 0, 1, 1, '孟现飞', '2012-01-10 12:23:24', NULL, NULL, '2021-12-16 04:18:49', 0);
INSERT INTO `product` VALUES (3648143, 1433374781198659587, '李宁风衣男秋季2021新款复古潮流男装防泼水开衫连帽宽松运动长袖', '<figure class=\"image image_resized\" style=\"width:790px;\"><img src=\"https://gw.alicdn.com/tfscom/TB1Z5e6yVmWBuNjSspdXXbugXXa.png\"></figure><figure class=\"image image_resized\" style=\"width:790px;\"><img src=\"https://img.alicdn.com/tfs/TB1tqFIxpzqK1RjSZFCXXbbxVXa-790-180.png\"></figure><p style=\"margin-left:0px;\"><span style=\"color:rgb(0,0,0);\">送货入户</span></p><p style=\"margin-left:0px;\">1.在天猫电器购买带有“送货入户”标识的商品，则商家须向消费者提供搬楼、送货入户的特殊服务。</p><p style=\"margin-left:0px;\">2.如若违背承诺，并由天猫判定投诉成立，商家向消费者支付10000个天猫积分。</p><p style=\"margin-left:0px;\"><span style=\"color:rgb(0,0,0);\">30天无忧退</span></p><p style=\"margin-left:0px;\">1.购买带有“ 30天无忧退”标识的电器类商品时，消费者可选择 “30天质量问题无忧退”退款原因发起退款，由服务商提供预约免费上门鉴定和上门退货的服务。</p><p style=\"margin-left:0px;\">2.服务商未履行或未按服务时效承诺履行30天无忧退货服务的，每个子订单需向消费者支付30元的违约金。</p><p style=\"margin-left:0px;\">&nbsp;</p><p style=\"margin-left:0px;\">&nbsp;</p><figure class=\"image image_resized\" style=\"width:auto;\"><img src=\"https://assets.alicdn.com/kissy/1.0.0/build/imglazyload/spaceball.gif\"></figure><figure class=\"image image_resized\" style=\"width:auto;\"><img src=\"https://img.alicdn.com/imgextra/i2/1014281128/O1CN01OpIuBG1KCfSxC9ynK_!!1014281128.jpg\"></figure><figure class=\"image image_resized\" style=\"width:auto;\"><img src=\"https://img.alicdn.com/imgextra/i1/1014281128/O1CN01mj4jqw1KCfSnAJVDd_!!1014281128.jpg\"></figure><figure class=\"image image_resized\" style=\"width:auto;\"><img src=\"https://img.alicdn.com/imgextra/i4/1014281128/O1CN01qAq8qE1KCfSnCB7ur_!!1014281128.jpg\"></figure><figure class=\"image image_resized\" style=\"width:auto;\"><img src=\"https://img.alicdn.com/imgextra/i1/1014281128/O1CN01GRzy5n1KCfREpB3RH_!!1014281128.jpg\"></figure><figure class=\"image image_resized\" style=\"width:auto;\"><img src=\"https://img.alicdn.com/imgextra/i4/1014281128/O1CN01ouMqYg1KCfR9x5CaH_!!1014281128.jpg\"></figure><figure class=\"image image_resized\" style=\"width:auto;\"><img src=\"https://img.alicdn.com/imgextra/i4/1014281128/O1CN01bjl0YK1KCfRDovxnr_!!1014281128.jpg\"></figure><figure class=\"image image_resized\" style=\"width:auto;\"><img src=\"https://img.alicdn.com/imgextra/i3/1014281128/O1CN01QhxpOr1KCfRX0QIG9_!!1014281128.jpg\"></figure><figure class=\"image image_resized\" style=\"width:auto;\"><img src=\"https://img.alicdn.com/imgextra/i2/1014281128/O1CN01u3HiBu1KCfR9x5TDW_!!1014281128.jpg\"></figure>', 5, 20, 0, 1, 1, '孟现飞', '2012-05-23 11:24:57', NULL, NULL, '2021-12-16 04:18:49', 0);
INSERT INTO `product` VALUES (4856120, 1433374781198659587, 'WASSUP潮牌卫衣男装上衣服外套连帽衫加绒套头秋冬季女官方旗舰店', '<figure class=\"image image_resized\" style=\"width:790px;\"><img src=\"https://gw.alicdn.com/tfscom/TB1Z5e6yVmWBuNjSspdXXbugXXa.png\"></figure><figure class=\"image image_resized\" style=\"width:790px;\"><img src=\"https://img.alicdn.com/tfs/TB1tqFIxpzqK1RjSZFCXXbbxVXa-790-180.png\"></figure><p style=\"margin-left:0px;\"><span style=\"color:rgb(0,0,0);\">送货入户</span></p><p style=\"margin-left:0px;\">1.在天猫电器购买带有“送货入户”标识的商品，则商家须向消费者提供搬楼、送货入户的特殊服务。</p><p style=\"margin-left:0px;\">2.如若违背承诺，并由天猫判定投诉成立，商家向消费者支付10000个天猫积分。</p><p style=\"margin-left:0px;\"><span style=\"color:rgb(0,0,0);\">30天无忧退</span></p><p style=\"margin-left:0px;\">1.购买带有“ 30天无忧退”标识的电器类商品时，消费者可选择 “30天质量问题无忧退”退款原因发起退款，由服务商提供预约免费上门鉴定和上门退货的服务。</p><p style=\"margin-left:0px;\">2.服务商未履行或未按服务时效承诺履行30天无忧退货服务的，每个子订单需向消费者支付30元的违约金。</p><p style=\"margin-left:0px;\">&nbsp;</p><p style=\"margin-left:0px;\">&nbsp;</p><figure class=\"image image_resized\" style=\"width:auto;\"><img src=\"https://assets.alicdn.com/kissy/1.0.0/build/imglazyload/spaceball.gif\"></figure><figure class=\"image image_resized\" style=\"width:auto;\"><img src=\"https://img.alicdn.com/imgextra/i2/1014281128/O1CN01OpIuBG1KCfSxC9ynK_!!1014281128.jpg\"></figure><figure class=\"image image_resized\" style=\"width:auto;\"><img src=\"https://img.alicdn.com/imgextra/i1/1014281128/O1CN01mj4jqw1KCfSnAJVDd_!!1014281128.jpg\"></figure><figure class=\"image image_resized\" style=\"width:auto;\"><img src=\"https://img.alicdn.com/imgextra/i4/1014281128/O1CN01qAq8qE1KCfSnCB7ur_!!1014281128.jpg\"></figure><figure class=\"image image_resized\" style=\"width:auto;\"><img src=\"https://img.alicdn.com/imgextra/i1/1014281128/O1CN01GRzy5n1KCfREpB3RH_!!1014281128.jpg\"></figure><figure class=\"image image_resized\" style=\"width:auto;\"><img src=\"https://img.alicdn.com/imgextra/i4/1014281128/O1CN01ouMqYg1KCfR9x5CaH_!!1014281128.jpg\"></figure><figure class=\"image image_resized\" style=\"width:auto;\"><img src=\"https://img.alicdn.com/imgextra/i4/1014281128/O1CN01bjl0YK1KCfRDovxnr_!!1014281128.jpg\"></figure><figure class=\"image image_resized\" style=\"width:auto;\"><img src=\"https://img.alicdn.com/imgextra/i3/1014281128/O1CN01QhxpOr1KCfRX0QIG9_!!1014281128.jpg\"></figure><figure class=\"image image_resized\" style=\"width:auto;\"><img src=\"https://img.alicdn.com/imgextra/i2/1014281128/O1CN01u3HiBu1KCfR9x5TDW_!!1014281128.jpg\"></figure>', 5, 20, 0, 1, 1, '孟现飞', '2012-01-22 14:56:45', NULL, NULL, '2021-12-16 04:18:49', 0);
INSERT INTO `product` VALUES (4903155, 1433374781198659587, '休闲衬衣男士冰丝寸衫韩版修身七分短袖商务正装免烫长袖西装衬衫', '<figure class=\"image image_resized\" style=\"width:790px;\"><img src=\"https://gw.alicdn.com/tfscom/TB1Z5e6yVmWBuNjSspdXXbugXXa.png\"></figure><figure class=\"image image_resized\" style=\"width:790px;\"><img src=\"https://img.alicdn.com/tfs/TB1tqFIxpzqK1RjSZFCXXbbxVXa-790-180.png\"></figure><p style=\"margin-left:0px;\"><span style=\"color:rgb(0,0,0);\">送货入户</span></p><p style=\"margin-left:0px;\">1.在天猫电器购买带有“送货入户”标识的商品，则商家须向消费者提供搬楼、送货入户的特殊服务。</p><p style=\"margin-left:0px;\">2.如若违背承诺，并由天猫判定投诉成立，商家向消费者支付10000个天猫积分。</p><p style=\"margin-left:0px;\"><span style=\"color:rgb(0,0,0);\">30天无忧退</span></p><p style=\"margin-left:0px;\">1.购买带有“ 30天无忧退”标识的电器类商品时，消费者可选择 “30天质量问题无忧退”退款原因发起退款，由服务商提供预约免费上门鉴定和上门退货的服务。</p><p style=\"margin-left:0px;\">2.服务商未履行或未按服务时效承诺履行30天无忧退货服务的，每个子订单需向消费者支付30元的违约金。</p><p style=\"margin-left:0px;\">&nbsp;</p><p style=\"margin-left:0px;\">&nbsp;</p><figure class=\"image image_resized\" style=\"width:auto;\"><img src=\"https://assets.alicdn.com/kissy/1.0.0/build/imglazyload/spaceball.gif\"></figure><figure class=\"image image_resized\" style=\"width:auto;\"><img src=\"https://img.alicdn.com/imgextra/i2/1014281128/O1CN01OpIuBG1KCfSxC9ynK_!!1014281128.jpg\"></figure><figure class=\"image image_resized\" style=\"width:auto;\"><img src=\"https://img.alicdn.com/imgextra/i1/1014281128/O1CN01mj4jqw1KCfSnAJVDd_!!1014281128.jpg\"></figure><figure class=\"image image_resized\" style=\"width:auto;\"><img src=\"https://img.alicdn.com/imgextra/i4/1014281128/O1CN01qAq8qE1KCfSnCB7ur_!!1014281128.jpg\"></figure><figure class=\"image image_resized\" style=\"width:auto;\"><img src=\"https://img.alicdn.com/imgextra/i1/1014281128/O1CN01GRzy5n1KCfREpB3RH_!!1014281128.jpg\"></figure><figure class=\"image image_resized\" style=\"width:auto;\"><img src=\"https://img.alicdn.com/imgextra/i4/1014281128/O1CN01ouMqYg1KCfR9x5CaH_!!1014281128.jpg\"></figure><figure class=\"image image_resized\" style=\"width:auto;\"><img src=\"https://img.alicdn.com/imgextra/i4/1014281128/O1CN01bjl0YK1KCfRDovxnr_!!1014281128.jpg\"></figure><figure class=\"image image_resized\" style=\"width:auto;\"><img src=\"https://img.alicdn.com/imgextra/i3/1014281128/O1CN01QhxpOr1KCfRX0QIG9_!!1014281128.jpg\"></figure><figure class=\"image image_resized\" style=\"width:auto;\"><img src=\"https://img.alicdn.com/imgextra/i2/1014281128/O1CN01u3HiBu1KCfR9x5TDW_!!1014281128.jpg\"></figure>', 5, 20, 0, 1, 1, '孟现飞', '2012-03-05 00:50:57', NULL, NULL, '2021-12-16 04:18:49', 0);
INSERT INTO `product` VALUES (5086354, 1433374781198659587, '高端免烫白衬衫男士夏季长袖商务正装衬衣春秋高级感抗皱短袖蓝寸', '<figure class=\"image image_resized\" style=\"width:790px;\"><img src=\"https://gw.alicdn.com/tfscom/TB1Z5e6yVmWBuNjSspdXXbugXXa.png\"></figure><figure class=\"image image_resized\" style=\"width:790px;\"><img src=\"https://img.alicdn.com/tfs/TB1tqFIxpzqK1RjSZFCXXbbxVXa-790-180.png\"></figure><p style=\"margin-left:0px;\"><span style=\"color:rgb(0,0,0);\">送货入户</span></p><p style=\"margin-left:0px;\">1.在天猫电器购买带有“送货入户”标识的商品，则商家须向消费者提供搬楼、送货入户的特殊服务。</p><p style=\"margin-left:0px;\">2.如若违背承诺，并由天猫判定投诉成立，商家向消费者支付10000个天猫积分。</p><p style=\"margin-left:0px;\"><span style=\"color:rgb(0,0,0);\">30天无忧退</span></p><p style=\"margin-left:0px;\">1.购买带有“ 30天无忧退”标识的电器类商品时，消费者可选择 “30天质量问题无忧退”退款原因发起退款，由服务商提供预约免费上门鉴定和上门退货的服务。</p><p style=\"margin-left:0px;\">2.服务商未履行或未按服务时效承诺履行30天无忧退货服务的，每个子订单需向消费者支付30元的违约金。</p><p style=\"margin-left:0px;\">&nbsp;</p><p style=\"margin-left:0px;\">&nbsp;</p><figure class=\"image image_resized\" style=\"width:auto;\"><img src=\"https://assets.alicdn.com/kissy/1.0.0/build/imglazyload/spaceball.gif\"></figure><figure class=\"image image_resized\" style=\"width:auto;\"><img src=\"https://img.alicdn.com/imgextra/i2/1014281128/O1CN01OpIuBG1KCfSxC9ynK_!!1014281128.jpg\"></figure><figure class=\"image image_resized\" style=\"width:auto;\"><img src=\"https://img.alicdn.com/imgextra/i1/1014281128/O1CN01mj4jqw1KCfSnAJVDd_!!1014281128.jpg\"></figure><figure class=\"image image_resized\" style=\"width:auto;\"><img src=\"https://img.alicdn.com/imgextra/i4/1014281128/O1CN01qAq8qE1KCfSnCB7ur_!!1014281128.jpg\"></figure><figure class=\"image image_resized\" style=\"width:auto;\"><img src=\"https://img.alicdn.com/imgextra/i1/1014281128/O1CN01GRzy5n1KCfREpB3RH_!!1014281128.jpg\"></figure><figure class=\"image image_resized\" style=\"width:auto;\"><img src=\"https://img.alicdn.com/imgextra/i4/1014281128/O1CN01ouMqYg1KCfR9x5CaH_!!1014281128.jpg\"></figure><figure class=\"image image_resized\" style=\"width:auto;\"><img src=\"https://img.alicdn.com/imgextra/i4/1014281128/O1CN01bjl0YK1KCfRDovxnr_!!1014281128.jpg\"></figure><figure class=\"image image_resized\" style=\"width:auto;\"><img src=\"https://img.alicdn.com/imgextra/i3/1014281128/O1CN01QhxpOr1KCfRX0QIG9_!!1014281128.jpg\"></figure><figure class=\"image image_resized\" style=\"width:auto;\"><img src=\"https://img.alicdn.com/imgextra/i2/1014281128/O1CN01u3HiBu1KCfR9x5TDW_!!1014281128.jpg\"></figure>', 5, 20, 0, 1, 1, '孟现飞', '2012-07-04 16:51:01', NULL, NULL, '2021-12-16 04:18:49', 0);
INSERT INTO `product` VALUES (5394969, 1433374781198659587, '短袖T恤男2021夏季新款男士宽松大码半袖上衣纯棉潮流男装体恤', '<figure class=\"image image_resized\" style=\"width:790px;\"><img src=\"https://gw.alicdn.com/tfscom/TB1Z5e6yVmWBuNjSspdXXbugXXa.png\"></figure><figure class=\"image image_resized\" style=\"width:790px;\"><img src=\"https://img.alicdn.com/tfs/TB1tqFIxpzqK1RjSZFCXXbbxVXa-790-180.png\"></figure><p style=\"margin-left:0px;\"><span style=\"color:rgb(0,0,0);\">送货入户</span></p><p style=\"margin-left:0px;\">1.在天猫电器购买带有“送货入户”标识的商品，则商家须向消费者提供搬楼、送货入户的特殊服务。</p><p style=\"margin-left:0px;\">2.如若违背承诺，并由天猫判定投诉成立，商家向消费者支付10000个天猫积分。</p><p style=\"margin-left:0px;\"><span style=\"color:rgb(0,0,0);\">30天无忧退</span></p><p style=\"margin-left:0px;\">1.购买带有“ 30天无忧退”标识的电器类商品时，消费者可选择 “30天质量问题无忧退”退款原因发起退款，由服务商提供预约免费上门鉴定和上门退货的服务。</p><p style=\"margin-left:0px;\">2.服务商未履行或未按服务时效承诺履行30天无忧退货服务的，每个子订单需向消费者支付30元的违约金。</p><p style=\"margin-left:0px;\">&nbsp;</p><p style=\"margin-left:0px;\">&nbsp;</p><figure class=\"image image_resized\" style=\"width:auto;\"><img src=\"https://assets.alicdn.com/kissy/1.0.0/build/imglazyload/spaceball.gif\"></figure><figure class=\"image image_resized\" style=\"width:auto;\"><img src=\"https://img.alicdn.com/imgextra/i2/1014281128/O1CN01OpIuBG1KCfSxC9ynK_!!1014281128.jpg\"></figure><figure class=\"image image_resized\" style=\"width:auto;\"><img src=\"https://img.alicdn.com/imgextra/i1/1014281128/O1CN01mj4jqw1KCfSnAJVDd_!!1014281128.jpg\"></figure><figure class=\"image image_resized\" style=\"width:auto;\"><img src=\"https://img.alicdn.com/imgextra/i4/1014281128/O1CN01qAq8qE1KCfSnCB7ur_!!1014281128.jpg\"></figure><figure class=\"image image_resized\" style=\"width:auto;\"><img src=\"https://img.alicdn.com/imgextra/i1/1014281128/O1CN01GRzy5n1KCfREpB3RH_!!1014281128.jpg\"></figure><figure class=\"image image_resized\" style=\"width:auto;\"><img src=\"https://img.alicdn.com/imgextra/i4/1014281128/O1CN01ouMqYg1KCfR9x5CaH_!!1014281128.jpg\"></figure><figure class=\"image image_resized\" style=\"width:auto;\"><img src=\"https://img.alicdn.com/imgextra/i4/1014281128/O1CN01bjl0YK1KCfRDovxnr_!!1014281128.jpg\"></figure><figure class=\"image image_resized\" style=\"width:auto;\"><img src=\"https://img.alicdn.com/imgextra/i3/1014281128/O1CN01QhxpOr1KCfRX0QIG9_!!1014281128.jpg\"></figure><figure class=\"image image_resized\" style=\"width:auto;\"><img src=\"https://img.alicdn.com/imgextra/i2/1014281128/O1CN01u3HiBu1KCfR9x5TDW_!!1014281128.jpg\"></figure>', 5, 20, 0, 1, 1, '孟现飞', '2012-10-10 08:07:09', NULL, NULL, '2021-12-16 04:18:49', 0);
INSERT INTO `product` VALUES (5716166, 1433374781198659587, '秋季薄款工装长裤子男士休闲裤宽松夏季束脚裤九分男生运动春秋款', '<figure class=\"image image_resized\" style=\"width:790px;\"><img src=\"https://gw.alicdn.com/tfscom/TB1Z5e6yVmWBuNjSspdXXbugXXa.png\"></figure><figure class=\"image image_resized\" style=\"width:790px;\"><img src=\"https://img.alicdn.com/tfs/TB1tqFIxpzqK1RjSZFCXXbbxVXa-790-180.png\"></figure><p style=\"margin-left:0px;\"><span style=\"color:rgb(0,0,0);\">送货入户</span></p><p style=\"margin-left:0px;\">1.在天猫电器购买带有“送货入户”标识的商品，则商家须向消费者提供搬楼、送货入户的特殊服务。</p><p style=\"margin-left:0px;\">2.如若违背承诺，并由天猫判定投诉成立，商家向消费者支付10000个天猫积分。</p><p style=\"margin-left:0px;\"><span style=\"color:rgb(0,0,0);\">30天无忧退</span></p><p style=\"margin-left:0px;\">1.购买带有“ 30天无忧退”标识的电器类商品时，消费者可选择 “30天质量问题无忧退”退款原因发起退款，由服务商提供预约免费上门鉴定和上门退货的服务。</p><p style=\"margin-left:0px;\">2.服务商未履行或未按服务时效承诺履行30天无忧退货服务的，每个子订单需向消费者支付30元的违约金。</p><p style=\"margin-left:0px;\">&nbsp;</p><p style=\"margin-left:0px;\">&nbsp;</p><figure class=\"image image_resized\" style=\"width:auto;\"><img src=\"https://assets.alicdn.com/kissy/1.0.0/build/imglazyload/spaceball.gif\"></figure><figure class=\"image image_resized\" style=\"width:auto;\"><img src=\"https://img.alicdn.com/imgextra/i2/1014281128/O1CN01OpIuBG1KCfSxC9ynK_!!1014281128.jpg\"></figure><figure class=\"image image_resized\" style=\"width:auto;\"><img src=\"https://img.alicdn.com/imgextra/i1/1014281128/O1CN01mj4jqw1KCfSnAJVDd_!!1014281128.jpg\"></figure><figure class=\"image image_resized\" style=\"width:auto;\"><img src=\"https://img.alicdn.com/imgextra/i4/1014281128/O1CN01qAq8qE1KCfSnCB7ur_!!1014281128.jpg\"></figure><figure class=\"image image_resized\" style=\"width:auto;\"><img src=\"https://img.alicdn.com/imgextra/i1/1014281128/O1CN01GRzy5n1KCfREpB3RH_!!1014281128.jpg\"></figure><figure class=\"image image_resized\" style=\"width:auto;\"><img src=\"https://img.alicdn.com/imgextra/i4/1014281128/O1CN01ouMqYg1KCfR9x5CaH_!!1014281128.jpg\"></figure><figure class=\"image image_resized\" style=\"width:auto;\"><img src=\"https://img.alicdn.com/imgextra/i4/1014281128/O1CN01bjl0YK1KCfRDovxnr_!!1014281128.jpg\"></figure><figure class=\"image image_resized\" style=\"width:auto;\"><img src=\"https://img.alicdn.com/imgextra/i3/1014281128/O1CN01QhxpOr1KCfRX0QIG9_!!1014281128.jpg\"></figure><figure class=\"image image_resized\" style=\"width:auto;\"><img src=\"https://img.alicdn.com/imgextra/i2/1014281128/O1CN01u3HiBu1KCfR9x5TDW_!!1014281128.jpg\"></figure>', 5, 20, 0, 1, 1, '孟现飞', '2012-02-01 23:11:50', NULL, NULL, '2021-12-16 04:18:49', 0);
INSERT INTO `product` VALUES (5858233, 1433374781198659587, '冰丝西裤男直筒宽松坠垂感春秋西装裤子男士夏季薄款阔腿休闲长裤', '<figure class=\"image image_resized\" style=\"width:790px;\"><img src=\"https://gw.alicdn.com/tfscom/TB1Z5e6yVmWBuNjSspdXXbugXXa.png\"></figure><figure class=\"image image_resized\" style=\"width:790px;\"><img src=\"https://img.alicdn.com/tfs/TB1tqFIxpzqK1RjSZFCXXbbxVXa-790-180.png\"></figure><p style=\"margin-left:0px;\"><span style=\"color:rgb(0,0,0);\">送货入户</span></p><p style=\"margin-left:0px;\">1.在天猫电器购买带有“送货入户”标识的商品，则商家须向消费者提供搬楼、送货入户的特殊服务。</p><p style=\"margin-left:0px;\">2.如若违背承诺，并由天猫判定投诉成立，商家向消费者支付10000个天猫积分。</p><p style=\"margin-left:0px;\"><span style=\"color:rgb(0,0,0);\">30天无忧退</span></p><p style=\"margin-left:0px;\">1.购买带有“ 30天无忧退”标识的电器类商品时，消费者可选择 “30天质量问题无忧退”退款原因发起退款，由服务商提供预约免费上门鉴定和上门退货的服务。</p><p style=\"margin-left:0px;\">2.服务商未履行或未按服务时效承诺履行30天无忧退货服务的，每个子订单需向消费者支付30元的违约金。</p><p style=\"margin-left:0px;\">&nbsp;</p><p style=\"margin-left:0px;\">&nbsp;</p><figure class=\"image image_resized\" style=\"width:auto;\"><img src=\"https://assets.alicdn.com/kissy/1.0.0/build/imglazyload/spaceball.gif\"></figure><figure class=\"image image_resized\" style=\"width:auto;\"><img src=\"https://img.alicdn.com/imgextra/i2/1014281128/O1CN01OpIuBG1KCfSxC9ynK_!!1014281128.jpg\"></figure><figure class=\"image image_resized\" style=\"width:auto;\"><img src=\"https://img.alicdn.com/imgextra/i1/1014281128/O1CN01mj4jqw1KCfSnAJVDd_!!1014281128.jpg\"></figure><figure class=\"image image_resized\" style=\"width:auto;\"><img src=\"https://img.alicdn.com/imgextra/i4/1014281128/O1CN01qAq8qE1KCfSnCB7ur_!!1014281128.jpg\"></figure><figure class=\"image image_resized\" style=\"width:auto;\"><img src=\"https://img.alicdn.com/imgextra/i1/1014281128/O1CN01GRzy5n1KCfREpB3RH_!!1014281128.jpg\"></figure><figure class=\"image image_resized\" style=\"width:auto;\"><img src=\"https://img.alicdn.com/imgextra/i4/1014281128/O1CN01ouMqYg1KCfR9x5CaH_!!1014281128.jpg\"></figure><figure class=\"image image_resized\" style=\"width:auto;\"><img src=\"https://img.alicdn.com/imgextra/i4/1014281128/O1CN01bjl0YK1KCfRDovxnr_!!1014281128.jpg\"></figure><figure class=\"image image_resized\" style=\"width:auto;\"><img src=\"https://img.alicdn.com/imgextra/i3/1014281128/O1CN01QhxpOr1KCfRX0QIG9_!!1014281128.jpg\"></figure><figure class=\"image image_resized\" style=\"width:auto;\"><img src=\"https://img.alicdn.com/imgextra/i2/1014281128/O1CN01u3HiBu1KCfR9x5TDW_!!1014281128.jpg\"></figure>', 5, 20, 0, 1, 1, '孟现飞', '2012-07-22 15:49:53', NULL, NULL, '2021-12-16 04:18:49', 0);
INSERT INTO `product` VALUES (6217536, 1433374781198659587, 'UFZ「九叠篆国潮官印」潮牌原创春秋大码连帽卫衣男士女生情侣装', '<figure class=\"image image_resized\" style=\"width:790px;\"><img src=\"https://gw.alicdn.com/tfscom/TB1Z5e6yVmWBuNjSspdXXbugXXa.png\"></figure><figure class=\"image image_resized\" style=\"width:790px;\"><img src=\"https://img.alicdn.com/tfs/TB1tqFIxpzqK1RjSZFCXXbbxVXa-790-180.png\"></figure><p style=\"margin-left:0px;\"><span style=\"color:rgb(0,0,0);\">送货入户</span></p><p style=\"margin-left:0px;\">1.在天猫电器购买带有“送货入户”标识的商品，则商家须向消费者提供搬楼、送货入户的特殊服务。</p><p style=\"margin-left:0px;\">2.如若违背承诺，并由天猫判定投诉成立，商家向消费者支付10000个天猫积分。</p><p style=\"margin-left:0px;\"><span style=\"color:rgb(0,0,0);\">30天无忧退</span></p><p style=\"margin-left:0px;\">1.购买带有“ 30天无忧退”标识的电器类商品时，消费者可选择 “30天质量问题无忧退”退款原因发起退款，由服务商提供预约免费上门鉴定和上门退货的服务。</p><p style=\"margin-left:0px;\">2.服务商未履行或未按服务时效承诺履行30天无忧退货服务的，每个子订单需向消费者支付30元的违约金。</p><p style=\"margin-left:0px;\">&nbsp;</p><p style=\"margin-left:0px;\">&nbsp;</p><figure class=\"image image_resized\" style=\"width:auto;\"><img src=\"https://assets.alicdn.com/kissy/1.0.0/build/imglazyload/spaceball.gif\"></figure><figure class=\"image image_resized\" style=\"width:auto;\"><img src=\"https://img.alicdn.com/imgextra/i2/1014281128/O1CN01OpIuBG1KCfSxC9ynK_!!1014281128.jpg\"></figure><figure class=\"image image_resized\" style=\"width:auto;\"><img src=\"https://img.alicdn.com/imgextra/i1/1014281128/O1CN01mj4jqw1KCfSnAJVDd_!!1014281128.jpg\"></figure><figure class=\"image image_resized\" style=\"width:auto;\"><img src=\"https://img.alicdn.com/imgextra/i4/1014281128/O1CN01qAq8qE1KCfSnCB7ur_!!1014281128.jpg\"></figure><figure class=\"image image_resized\" style=\"width:auto;\"><img src=\"https://img.alicdn.com/imgextra/i1/1014281128/O1CN01GRzy5n1KCfREpB3RH_!!1014281128.jpg\"></figure><figure class=\"image image_resized\" style=\"width:auto;\"><img src=\"https://img.alicdn.com/imgextra/i4/1014281128/O1CN01ouMqYg1KCfR9x5CaH_!!1014281128.jpg\"></figure><figure class=\"image image_resized\" style=\"width:auto;\"><img src=\"https://img.alicdn.com/imgextra/i4/1014281128/O1CN01bjl0YK1KCfRDovxnr_!!1014281128.jpg\"></figure><figure class=\"image image_resized\" style=\"width:auto;\"><img src=\"https://img.alicdn.com/imgextra/i3/1014281128/O1CN01QhxpOr1KCfRX0QIG9_!!1014281128.jpg\"></figure><figure class=\"image image_resized\" style=\"width:auto;\"><img src=\"https://img.alicdn.com/imgextra/i2/1014281128/O1CN01u3HiBu1KCfR9x5TDW_!!1014281128.jpg\"></figure>', 60, 300, 0, 1, 1, '孟现飞', '2012-06-26 21:07:37', NULL, NULL, '2021-12-16 04:18:49', 0);
INSERT INTO `product` VALUES (6254709, 1433374781198659587, 't恤男短袖潮牌2021新款ins国潮大码男装中国风夏季港风纯棉衣服潮\r\n南极人垦顿专卖店', '<figure class=\"image image_resized\" style=\"width:790px;\"><img src=\"https://gw.alicdn.com/tfscom/TB1Z5e6yVmWBuNjSspdXXbugXXa.png\"></figure><figure class=\"image image_resized\" style=\"width:790px;\"><img src=\"https://img.alicdn.com/tfs/TB1tqFIxpzqK1RjSZFCXXbbxVXa-790-180.png\"></figure><p style=\"margin-left:0px;\"><span style=\"color:rgb(0,0,0);\">送货入户</span></p><p style=\"margin-left:0px;\">1.在天猫电器购买带有“送货入户”标识的商品，则商家须向消费者提供搬楼、送货入户的特殊服务。</p><p style=\"margin-left:0px;\">2.如若违背承诺，并由天猫判定投诉成立，商家向消费者支付10000个天猫积分。</p><p style=\"margin-left:0px;\"><span style=\"color:rgb(0,0,0);\">30天无忧退</span></p><p style=\"margin-left:0px;\">1.购买带有“ 30天无忧退”标识的电器类商品时，消费者可选择 “30天质量问题无忧退”退款原因发起退款，由服务商提供预约免费上门鉴定和上门退货的服务。</p><p style=\"margin-left:0px;\">2.服务商未履行或未按服务时效承诺履行30天无忧退货服务的，每个子订单需向消费者支付30元的违约金。</p><p style=\"margin-left:0px;\">&nbsp;</p><p style=\"margin-left:0px;\">&nbsp;</p><figure class=\"image image_resized\" style=\"width:auto;\"><img src=\"https://assets.alicdn.com/kissy/1.0.0/build/imglazyload/spaceball.gif\"></figure><figure class=\"image image_resized\" style=\"width:auto;\"><img src=\"https://img.alicdn.com/imgextra/i2/1014281128/O1CN01OpIuBG1KCfSxC9ynK_!!1014281128.jpg\"></figure><figure class=\"image image_resized\" style=\"width:auto;\"><img src=\"https://img.alicdn.com/imgextra/i1/1014281128/O1CN01mj4jqw1KCfSnAJVDd_!!1014281128.jpg\"></figure><figure class=\"image image_resized\" style=\"width:auto;\"><img src=\"https://img.alicdn.com/imgextra/i4/1014281128/O1CN01qAq8qE1KCfSnCB7ur_!!1014281128.jpg\"></figure><figure class=\"image image_resized\" style=\"width:auto;\"><img src=\"https://img.alicdn.com/imgextra/i1/1014281128/O1CN01GRzy5n1KCfREpB3RH_!!1014281128.jpg\"></figure><figure class=\"image image_resized\" style=\"width:auto;\"><img src=\"https://img.alicdn.com/imgextra/i4/1014281128/O1CN01ouMqYg1KCfR9x5CaH_!!1014281128.jpg\"></figure><figure class=\"image image_resized\" style=\"width:auto;\"><img src=\"https://img.alicdn.com/imgextra/i4/1014281128/O1CN01bjl0YK1KCfRDovxnr_!!1014281128.jpg\"></figure><figure class=\"image image_resized\" style=\"width:auto;\"><img src=\"https://img.alicdn.com/imgextra/i3/1014281128/O1CN01QhxpOr1KCfRX0QIG9_!!1014281128.jpg\"></figure><figure class=\"image image_resized\" style=\"width:auto;\"><img src=\"https://img.alicdn.com/imgextra/i2/1014281128/O1CN01u3HiBu1KCfR9x5TDW_!!1014281128.jpg\"></figure>', 50, 120, 0, 1, 1, '孟现飞', '2012-07-06 05:46:38', NULL, NULL, '2021-12-16 04:18:49', 0);
INSERT INTO `product` VALUES (6963442, 1433374781198659587, '西服套装男士外套韩版修身伴郎新郎结婚商务休闲职业正装小西装秋', '<figure class=\"image image_resized\" style=\"width:790px;\"><img src=\"https://gw.alicdn.com/tfscom/TB1Z5e6yVmWBuNjSspdXXbugXXa.png\"></figure><figure class=\"image image_resized\" style=\"width:790px;\"><img src=\"https://img.alicdn.com/tfs/TB1tqFIxpzqK1RjSZFCXXbbxVXa-790-180.png\"></figure><p style=\"margin-left:0px;\"><span style=\"color:rgb(0,0,0);\">送货入户</span></p><p style=\"margin-left:0px;\">1.在天猫电器购买带有“送货入户”标识的商品，则商家须向消费者提供搬楼、送货入户的特殊服务。</p><p style=\"margin-left:0px;\">2.如若违背承诺，并由天猫判定投诉成立，商家向消费者支付10000个天猫积分。</p><p style=\"margin-left:0px;\"><span style=\"color:rgb(0,0,0);\">30天无忧退</span></p><p style=\"margin-left:0px;\">1.购买带有“ 30天无忧退”标识的电器类商品时，消费者可选择 “30天质量问题无忧退”退款原因发起退款，由服务商提供预约免费上门鉴定和上门退货的服务。</p><p style=\"margin-left:0px;\">2.服务商未履行或未按服务时效承诺履行30天无忧退货服务的，每个子订单需向消费者支付30元的违约金。</p><p style=\"margin-left:0px;\">&nbsp;</p><p style=\"margin-left:0px;\">&nbsp;</p><figure class=\"image image_resized\" style=\"width:auto;\"><img src=\"https://assets.alicdn.com/kissy/1.0.0/build/imglazyload/spaceball.gif\"></figure><figure class=\"image image_resized\" style=\"width:auto;\"><img src=\"https://img.alicdn.com/imgextra/i2/1014281128/O1CN01OpIuBG1KCfSxC9ynK_!!1014281128.jpg\"></figure><figure class=\"image image_resized\" style=\"width:auto;\"><img src=\"https://img.alicdn.com/imgextra/i1/1014281128/O1CN01mj4jqw1KCfSnAJVDd_!!1014281128.jpg\"></figure><figure class=\"image image_resized\" style=\"width:auto;\"><img src=\"https://img.alicdn.com/imgextra/i4/1014281128/O1CN01qAq8qE1KCfSnCB7ur_!!1014281128.jpg\"></figure><figure class=\"image image_resized\" style=\"width:auto;\"><img src=\"https://img.alicdn.com/imgextra/i1/1014281128/O1CN01GRzy5n1KCfREpB3RH_!!1014281128.jpg\"></figure><figure class=\"image image_resized\" style=\"width:auto;\"><img src=\"https://img.alicdn.com/imgextra/i4/1014281128/O1CN01ouMqYg1KCfR9x5CaH_!!1014281128.jpg\"></figure><figure class=\"image image_resized\" style=\"width:auto;\"><img src=\"https://img.alicdn.com/imgextra/i4/1014281128/O1CN01bjl0YK1KCfRDovxnr_!!1014281128.jpg\"></figure><figure class=\"image image_resized\" style=\"width:auto;\"><img src=\"https://img.alicdn.com/imgextra/i3/1014281128/O1CN01QhxpOr1KCfRX0QIG9_!!1014281128.jpg\"></figure><figure class=\"image image_resized\" style=\"width:auto;\"><img src=\"https://img.alicdn.com/imgextra/i2/1014281128/O1CN01u3HiBu1KCfR9x5TDW_!!1014281128.jpg\"></figure>', 20, 6, 0, 1, 1, '孟现飞', '2012-11-22 00:37:34', NULL, NULL, '2021-12-16 04:18:49', 0);
INSERT INTO `product` VALUES (7615080, 1433374781198659587, 'puma彪马男士休闲运动裤2021春秋春夏季裤子男女情侣工装长裤薄款', '<figure class=\"image image_resized\" style=\"width:790px;\"><img src=\"https://gw.alicdn.com/tfscom/TB1Z5e6yVmWBuNjSspdXXbugXXa.png\"></figure><figure class=\"image image_resized\" style=\"width:790px;\"><img src=\"https://img.alicdn.com/tfs/TB1tqFIxpzqK1RjSZFCXXbbxVXa-790-180.png\"></figure><p style=\"margin-left:0px;\"><span style=\"color:rgb(0,0,0);\">送货入户</span></p><p style=\"margin-left:0px;\">1.在天猫电器购买带有“送货入户”标识的商品，则商家须向消费者提供搬楼、送货入户的特殊服务。</p><p style=\"margin-left:0px;\">2.如若违背承诺，并由天猫判定投诉成立，商家向消费者支付10000个天猫积分。</p><p style=\"margin-left:0px;\"><span style=\"color:rgb(0,0,0);\">30天无忧退</span></p><p style=\"margin-left:0px;\">1.购买带有“ 30天无忧退”标识的电器类商品时，消费者可选择 “30天质量问题无忧退”退款原因发起退款，由服务商提供预约免费上门鉴定和上门退货的服务。</p><p style=\"margin-left:0px;\">2.服务商未履行或未按服务时效承诺履行30天无忧退货服务的，每个子订单需向消费者支付30元的违约金。</p><p style=\"margin-left:0px;\">&nbsp;</p><p style=\"margin-left:0px;\">&nbsp;</p><figure class=\"image image_resized\" style=\"width:auto;\"><img src=\"https://assets.alicdn.com/kissy/1.0.0/build/imglazyload/spaceball.gif\"></figure><figure class=\"image image_resized\" style=\"width:auto;\"><img src=\"https://img.alicdn.com/imgextra/i2/1014281128/O1CN01OpIuBG1KCfSxC9ynK_!!1014281128.jpg\"></figure><figure class=\"image image_resized\" style=\"width:auto;\"><img src=\"https://img.alicdn.com/imgextra/i1/1014281128/O1CN01mj4jqw1KCfSnAJVDd_!!1014281128.jpg\"></figure><figure class=\"image image_resized\" style=\"width:auto;\"><img src=\"https://img.alicdn.com/imgextra/i4/1014281128/O1CN01qAq8qE1KCfSnCB7ur_!!1014281128.jpg\"></figure><figure class=\"image image_resized\" style=\"width:auto;\"><img src=\"https://img.alicdn.com/imgextra/i1/1014281128/O1CN01GRzy5n1KCfREpB3RH_!!1014281128.jpg\"></figure><figure class=\"image image_resized\" style=\"width:auto;\"><img src=\"https://img.alicdn.com/imgextra/i4/1014281128/O1CN01ouMqYg1KCfR9x5CaH_!!1014281128.jpg\"></figure><figure class=\"image image_resized\" style=\"width:auto;\"><img src=\"https://img.alicdn.com/imgextra/i4/1014281128/O1CN01bjl0YK1KCfRDovxnr_!!1014281128.jpg\"></figure><figure class=\"image image_resized\" style=\"width:auto;\"><img src=\"https://img.alicdn.com/imgextra/i3/1014281128/O1CN01QhxpOr1KCfRX0QIG9_!!1014281128.jpg\"></figure><figure class=\"image image_resized\" style=\"width:auto;\"><img src=\"https://img.alicdn.com/imgextra/i2/1014281128/O1CN01u3HiBu1KCfR9x5TDW_!!1014281128.jpg\"></figure>', 30, 5, 0, 1, 1, '孟现飞', '2012-10-09 23:41:09', NULL, NULL, '2021-12-16 04:18:49', 0);
INSERT INTO `product` VALUES (7860684, 1433374781198659587, '白衬衫男长袖修身商务正装夏季工装春秋黑色衬衣男士西装短袖寸衫', '<figure class=\"image image_resized\" style=\"width:790px;\"><img src=\"https://gw.alicdn.com/tfscom/TB1Z5e6yVmWBuNjSspdXXbugXXa.png\"></figure><figure class=\"image image_resized\" style=\"width:790px;\"><img src=\"https://img.alicdn.com/tfs/TB1tqFIxpzqK1RjSZFCXXbbxVXa-790-180.png\"></figure><p style=\"margin-left:0px;\"><span style=\"color:rgb(0,0,0);\">送货入户</span></p><p style=\"margin-left:0px;\">1.在天猫电器购买带有“送货入户”标识的商品，则商家须向消费者提供搬楼、送货入户的特殊服务。</p><p style=\"margin-left:0px;\">2.如若违背承诺，并由天猫判定投诉成立，商家向消费者支付10000个天猫积分。</p><p style=\"margin-left:0px;\"><span style=\"color:rgb(0,0,0);\">30天无忧退</span></p><p style=\"margin-left:0px;\">1.购买带有“ 30天无忧退”标识的电器类商品时，消费者可选择 “30天质量问题无忧退”退款原因发起退款，由服务商提供预约免费上门鉴定和上门退货的服务。</p><p style=\"margin-left:0px;\">2.服务商未履行或未按服务时效承诺履行30天无忧退货服务的，每个子订单需向消费者支付30元的违约金。</p><p style=\"margin-left:0px;\">&nbsp;</p><p style=\"margin-left:0px;\">&nbsp;</p><figure class=\"image image_resized\" style=\"width:auto;\"><img src=\"https://assets.alicdn.com/kissy/1.0.0/build/imglazyload/spaceball.gif\"></figure><figure class=\"image image_resized\" style=\"width:auto;\"><img src=\"https://img.alicdn.com/imgextra/i2/1014281128/O1CN01OpIuBG1KCfSxC9ynK_!!1014281128.jpg\"></figure><figure class=\"image image_resized\" style=\"width:auto;\"><img src=\"https://img.alicdn.com/imgextra/i1/1014281128/O1CN01mj4jqw1KCfSnAJVDd_!!1014281128.jpg\"></figure><figure class=\"image image_resized\" style=\"width:auto;\"><img src=\"https://img.alicdn.com/imgextra/i4/1014281128/O1CN01qAq8qE1KCfSnCB7ur_!!1014281128.jpg\"></figure><figure class=\"image image_resized\" style=\"width:auto;\"><img src=\"https://img.alicdn.com/imgextra/i1/1014281128/O1CN01GRzy5n1KCfREpB3RH_!!1014281128.jpg\"></figure><figure class=\"image image_resized\" style=\"width:auto;\"><img src=\"https://img.alicdn.com/imgextra/i4/1014281128/O1CN01ouMqYg1KCfR9x5CaH_!!1014281128.jpg\"></figure><figure class=\"image image_resized\" style=\"width:auto;\"><img src=\"https://img.alicdn.com/imgextra/i4/1014281128/O1CN01bjl0YK1KCfRDovxnr_!!1014281128.jpg\"></figure><figure class=\"image image_resized\" style=\"width:auto;\"><img src=\"https://img.alicdn.com/imgextra/i3/1014281128/O1CN01QhxpOr1KCfRX0QIG9_!!1014281128.jpg\"></figure><figure class=\"image image_resized\" style=\"width:auto;\"><img src=\"https://img.alicdn.com/imgextra/i2/1014281128/O1CN01u3HiBu1KCfR9x5TDW_!!1014281128.jpg\"></figure>', 15, 10, 1, 1, 1, '孟现飞', '2012-12-15 01:47:12', NULL, NULL, '2021-12-16 04:18:49', 0);
INSERT INTO `product` VALUES (8861730, 1433374781198659587, '西裤男士九分修身商务正装休闲薄款裤子小脚夏季高端潮流西装裤男', '<figure class=\"image image_resized\" style=\"width:790px;\"><img src=\"https://gw.alicdn.com/tfscom/TB1Z5e6yVmWBuNjSspdXXbugXXa.png\"></figure><figure class=\"image image_resized\" style=\"width:790px;\"><img src=\"https://img.alicdn.com/tfs/TB1tqFIxpzqK1RjSZFCXXbbxVXa-790-180.png\"></figure><p style=\"margin-left:0px;\"><span style=\"color:rgb(0,0,0);\">送货入户</span></p><p style=\"margin-left:0px;\">1.在天猫电器购买带有“送货入户”标识的商品，则商家须向消费者提供搬楼、送货入户的特殊服务。</p><p style=\"margin-left:0px;\">2.如若违背承诺，并由天猫判定投诉成立，商家向消费者支付10000个天猫积分。</p><p style=\"margin-left:0px;\"><span style=\"color:rgb(0,0,0);\">30天无忧退</span></p><p style=\"margin-left:0px;\">1.购买带有“ 30天无忧退”标识的电器类商品时，消费者可选择 “30天质量问题无忧退”退款原因发起退款，由服务商提供预约免费上门鉴定和上门退货的服务。</p><p style=\"margin-left:0px;\">2.服务商未履行或未按服务时效承诺履行30天无忧退货服务的，每个子订单需向消费者支付30元的违约金。</p><p style=\"margin-left:0px;\">&nbsp;</p><p style=\"margin-left:0px;\">&nbsp;</p><figure class=\"image image_resized\" style=\"width:auto;\"><img src=\"https://assets.alicdn.com/kissy/1.0.0/build/imglazyload/spaceball.gif\"></figure><figure class=\"image image_resized\" style=\"width:auto;\"><img src=\"https://img.alicdn.com/imgextra/i2/1014281128/O1CN01OpIuBG1KCfSxC9ynK_!!1014281128.jpg\"></figure><figure class=\"image image_resized\" style=\"width:auto;\"><img src=\"https://img.alicdn.com/imgextra/i1/1014281128/O1CN01mj4jqw1KCfSnAJVDd_!!1014281128.jpg\"></figure><figure class=\"image image_resized\" style=\"width:auto;\"><img src=\"https://img.alicdn.com/imgextra/i4/1014281128/O1CN01qAq8qE1KCfSnCB7ur_!!1014281128.jpg\"></figure><figure class=\"image image_resized\" style=\"width:auto;\"><img src=\"https://img.alicdn.com/imgextra/i1/1014281128/O1CN01GRzy5n1KCfREpB3RH_!!1014281128.jpg\"></figure><figure class=\"image image_resized\" style=\"width:auto;\"><img src=\"https://img.alicdn.com/imgextra/i4/1014281128/O1CN01ouMqYg1KCfR9x5CaH_!!1014281128.jpg\"></figure><figure class=\"image image_resized\" style=\"width:auto;\"><img src=\"https://img.alicdn.com/imgextra/i4/1014281128/O1CN01bjl0YK1KCfRDovxnr_!!1014281128.jpg\"></figure><figure class=\"image image_resized\" style=\"width:auto;\"><img src=\"https://img.alicdn.com/imgextra/i3/1014281128/O1CN01QhxpOr1KCfRX0QIG9_!!1014281128.jpg\"></figure><figure class=\"image image_resized\" style=\"width:auto;\"><img src=\"https://img.alicdn.com/imgextra/i2/1014281128/O1CN01u3HiBu1KCfR9x5TDW_!!1014281128.jpg\"></figure>', 12, 120, 0, 1, 1, '孟现飞', '2012-04-29 14:37:56', NULL, NULL, '2021-12-16 04:18:49', 0);
INSERT INTO `product` VALUES (1432595351740137473, 1433374781198659587, '【潜艇级净化】美的601升对开双开门家用智能家电', '<figure class=\"image image_resized\" style=\"width:790px;\"><img src=\"https://gw.alicdn.com/tfscom/TB1Z5e6yVmWBuNjSspdXXbugXXa.png\"></figure><figure class=\"image image_resized\" style=\"width:790px;\"><img src=\"https://img.alicdn.com/tfs/TB1tqFIxpzqK1RjSZFCXXbbxVXa-790-180.png\"></figure><p style=\"margin-left:0px;\"><span style=\"color:rgb(0,0,0);\">送货入户</span></p><p style=\"margin-left:0px;\">1.在天猫电器购买带有“送货入户”标识的商品，则商家须向消费者提供搬楼、送货入户的特殊服务。</p><p style=\"margin-left:0px;\">2.如若违背承诺，并由天猫判定投诉成立，商家向消费者支付10000个天猫积分。</p><p style=\"margin-left:0px;\"><span style=\"color:rgb(0,0,0);\">30天无忧退</span></p><p style=\"margin-left:0px;\">1.购买带有“ 30天无忧退”标识的电器类商品时，消费者可选择 “30天质量问题无忧退”退款原因发起退款，由服务商提供预约免费上门鉴定和上门退货的服务。</p><p style=\"margin-left:0px;\">2.服务商未履行或未按服务时效承诺履行30天无忧退货服务的，每个子订单需向消费者支付30元的违约金。</p><p style=\"margin-left:0px;\">&nbsp;</p><p style=\"margin-left:0px;\">&nbsp;</p><figure class=\"image image_resized\" style=\"width:auto;\"><img src=\"https://assets.alicdn.com/kissy/1.0.0/build/imglazyload/spaceball.gif\"></figure><figure class=\"image image_resized\" style=\"width:auto;\"><img src=\"https://img.alicdn.com/imgextra/i2/1014281128/O1CN01OpIuBG1KCfSxC9ynK_!!1014281128.jpg\"></figure><figure class=\"image image_resized\" style=\"width:auto;\"><img src=\"https://img.alicdn.com/imgextra/i1/1014281128/O1CN01mj4jqw1KCfSnAJVDd_!!1014281128.jpg\"></figure><figure class=\"image image_resized\" style=\"width:auto;\"><img src=\"https://img.alicdn.com/imgextra/i4/1014281128/O1CN01qAq8qE1KCfSnCB7ur_!!1014281128.jpg\"></figure><figure class=\"image image_resized\" style=\"width:auto;\"><img src=\"https://img.alicdn.com/imgextra/i1/1014281128/O1CN01GRzy5n1KCfREpB3RH_!!1014281128.jpg\"></figure><figure class=\"image image_resized\" style=\"width:auto;\"><img src=\"https://img.alicdn.com/imgextra/i4/1014281128/O1CN01ouMqYg1KCfR9x5CaH_!!1014281128.jpg\"></figure><figure class=\"image image_resized\" style=\"width:auto;\"><img src=\"https://img.alicdn.com/imgextra/i4/1014281128/O1CN01bjl0YK1KCfRDovxnr_!!1014281128.jpg\"></figure><figure class=\"image image_resized\" style=\"width:auto;\"><img src=\"https://img.alicdn.com/imgextra/i3/1014281128/O1CN01QhxpOr1KCfRX0QIG9_!!1014281128.jpg\"></figure><figure class=\"image image_resized\" style=\"width:auto;\"><img src=\"https://img.alicdn.com/imgextra/i2/1014281128/O1CN01u3HiBu1KCfR9x5TDW_!!1014281128.jpg\"></figure>', 5, 18, 2, 1, 1, '孟现飞', '2021-09-02 20:43:50', NULL, NULL, '2021-12-16 04:18:49', 0);
INSERT INTO `product` VALUES (1433410338259824641, 1433374781198659587, '【潜艇级净化】美的601升对开双开门家用智能家电冰箱大容量变频', '<figure class=\"image image_resized\" style=\"width:790px;\"><img src=\"https://gw.alicdn.com/tfscom/TB1Z5e6yVmWBuNjSspdXXbugXXa.png\"></figure><figure class=\"image image_resized\" style=\"width:790px;\"><img src=\"https://img.alicdn.com/tfs/TB1tqFIxpzqK1RjSZFCXXbbxVXa-790-180.png\"></figure><p style=\"margin-left:0px;\"><span style=\"color:rgb(0,0,0);\">送货入户</span></p><p style=\"margin-left:0px;\">1.在天猫电器购买带有“送货入户”标识的商品，则商家须向消费者提供搬楼、送货入户的特殊服务。</p><p style=\"margin-left:0px;\">2.如若违背承诺，并由天猫判定投诉成立，商家向消费者支付10000个天猫积分。</p><p style=\"margin-left:0px;\"><span style=\"color:rgb(0,0,0);\">30天无忧退</span></p><p style=\"margin-left:0px;\">1.购买带有“ 30天无忧退”标识的电器类商品时，消费者可选择 “30天质量问题无忧退”退款原因发起退款，由服务商提供预约免费上门鉴定和上门退货的服务。</p><p style=\"margin-left:0px;\">2.服务商未履行或未按服务时效承诺履行30天无忧退货服务的，每个子订单需向消费者支付30元的违约金。</p><p style=\"margin-left:0px;\">&nbsp;</p><p style=\"margin-left:0px;\">&nbsp;</p><figure class=\"image image_resized\" style=\"width:auto;\"><img src=\"https://assets.alicdn.com/kissy/1.0.0/build/imglazyload/spaceball.gif\"></figure><figure class=\"image image_resized\" style=\"width:auto;\"><img src=\"https://img.alicdn.com/imgextra/i2/1014281128/O1CN01OpIuBG1KCfSxC9ynK_!!1014281128.jpg\"></figure><figure class=\"image image_resized\" style=\"width:auto;\"><img src=\"https://img.alicdn.com/imgextra/i1/1014281128/O1CN01mj4jqw1KCfSnAJVDd_!!1014281128.jpg\"></figure><figure class=\"image image_resized\" style=\"width:auto;\"><img src=\"https://img.alicdn.com/imgextra/i4/1014281128/O1CN01qAq8qE1KCfSnCB7ur_!!1014281128.jpg\"></figure><figure class=\"image image_resized\" style=\"width:auto;\"><img src=\"https://img.alicdn.com/imgextra/i1/1014281128/O1CN01GRzy5n1KCfREpB3RH_!!1014281128.jpg\"></figure><figure class=\"image image_resized\" style=\"width:auto;\"><img src=\"https://img.alicdn.com/imgextra/i4/1014281128/O1CN01ouMqYg1KCfR9x5CaH_!!1014281128.jpg\"></figure><figure class=\"image image_resized\" style=\"width:auto;\"><img src=\"https://img.alicdn.com/imgextra/i4/1014281128/O1CN01bjl0YK1KCfRDovxnr_!!1014281128.jpg\"></figure><figure class=\"image image_resized\" style=\"width:auto;\"><img src=\"https://img.alicdn.com/imgextra/i3/1014281128/O1CN01QhxpOr1KCfRX0QIG9_!!1014281128.jpg\"></figure><figure class=\"image image_resized\" style=\"width:auto;\"><img src=\"https://img.alicdn.com/imgextra/i2/1014281128/O1CN01u3HiBu1KCfR9x5TDW_!!1014281128.jpg\"></figure>', 5, 20, 0, 1, 1, '孟现飞', '2021-09-02 20:43:50', NULL, NULL, '2021-12-16 04:18:49', 0);
INSERT INTO `product` VALUES (1434088378199490562, 1433374781198659586, '123', '<figure class=\"image image_resized\" style=\"width:96.94%;\"><img src=\"data:image/webp;base64,UklGRopJAABXRUJQVlA4IH5JAAAw6ACdASr6APoAPjEUiEMiISEVKyZcIAMEptsGAEHAsruAdrXH/u79l+XP5AfNJx32+euPH/9v+c3+H3jdk+aJzV/xv7v+Wfy+/6Xq+/VHsC/rP/r/8N+63vk+vj90vUp/Tv8l/0P9L7v3/T/aL3d/1//d+wL/Rv7163f/i9kr9wfYG/XD02P2g+Ev+wf779tfgK/mP9n/7n5//IB/5/UA9ADgddFfB38k+i/xX99/az+8f+r/afGn/k/lF6Qenf/L/lfUT+Zfeb8x/fv24/w37rfMH/S+YD21+M/+T/jf3W+Aj8n/mf+R/uf7Yf3z90vq2+t/7H7JeMRv3+r/5XqHe1v1T/R/4f9wf8B+2n0GfQ/9n0b+xv/D/NH/AfYF/Lf6h/lf7/+3/+B///1z/vf+V4835f/g+wF/Nf69/uv8D/n/+R/qP//9uH91/3f9J/sf+//qP//8A/pX/rf5r/Pf+X/Wf//8Bv5d/UP9Z/ev9F/1v8V///+196P/q9zH7qf/H3Tv2L/9B/RnTgBX0eGdF0CN5NChxMVOmgq3gCqrMPOXYT/+YUTHT2O2/0+4CDjK45wI5HOJwsCRtPaDHWSjTrVFQtnYybDZdGzXnajq7GLz3R4nqz4Lu0TK1H7gelV9tkJip0PKojI6/SICI4kB958ng/ZBTQJKpD5O5OiLfI9U7uZHP4iae6FZuWjDeeWfARzNyglS8P/Ht9VJSJmitNCw1f+wGUNuyq3AqqmzUN/plRQ4ZgzliLyaDFwGXgxg334dT5ZlGJDCfbl1M3EKjb1231A37qIoZXzwPXLXTwFRURpZUg4CxDw2z98bIstVZu+qA6VTQtf8wyteZX1Lkmk84lGQS7alAUWVdFRDhwUbSj1tQmRyaBd9i0BomLojbzPkUef/T8Law/6OSuV6KEmFwP2/8tFoYj73uA10dk5apxpVMhQKJ+FLLhTLyIn9AkZ+M076AhFeA+OomCpG9qixjm/6vgnHu7MJbcK/NvevIp0edCmx4IHChQmvvspwCV/9RAKhEH4fdPCH/KNduGEpwUIcCOvtNODuJdVuDRC91oUcGp2ndE+ERdrP1Efjdhpd/9Li/PcXFGKvW7+TpIzelnUiGAXLhXU5s6nFrdv3v61vwdDBJLu+RYrD8ddysQhhiCk56325ycnWmUU39tZRQp4XsJiot87JfC44PTHaYOE2kYPc/HFcvJD5LMn/UeaOLrllDlx9H3Yma8w/D2q5e2bPcKyLoKohf/UpRinTBlShR3iBYuKRG4VW4LFluDNfY7OUhKoFK1Jm3K4TCAzN/ADoyRoP9vmuy4W8ZCJLWzi66rCNzJUZFg3tBGB4zjAJl7BUJ86cfgDJgx5OBOr/l1vA9fkYnEfZ0ZnVwf8WPYbxShqgyfyvdoO9YQfk9bjzIVVnrvLwn0OT76Khhm31mlyEOO70YqBlmcg+UMhKdpxsvwBKP/ep5ovznDl9HotuJj9e8zeDX11yWWW3QdOBy7zYVYQZXrVc/u9d9L7SbSPB1J0qWqNCL87oimiGjbmBibFpa4f+qjUXNI/xvoVsk2Nqt6d6c3X673iJfOMDX+vZZ7kA1wNkWfN9j+wWN/p+XiKw9NrOBt6vim9/7bU3rjzwuxSCz6tr4C/pzAeM92JA7qvSrHHrGBL+AoZ7zygx3w24VtX591z1LBvcluZ3guPQLby41ineXbzPfnpUsueIc+d9RhD1P8Sx9Qee6omrsp733eQCZEpZBlotzPw8Xf94eXabffeeUYtz+fPNdR1rJQoOoPlfjqqRQYTVkO0ArH+cJl2sLGsBgHN+tqyYuCnaQ/9VzwsPjQ4yFJRUshRGSPqLqDUleXX7sqwCBCY5r2cnPbfYF4evCFLG1vVsyZwFQUfwFCJ9hmnlr9E2sThRFJcr6Ns4bDQvhqgUWpXZz7vlm6/rXC8D3yHSJtmrMFbeH0sllWB4f6U38AehPh5Bpqkth4fs0nsjDH/achdsv2l+J+WXPcF8D1vcQDZ7AoMTphDLFkOUpQThoHLQH+ExWmOIY5s98cGfEbCo6KVn9p2lmxhfxpMpzExn1gUgBKGzaQNK9WzDcnWnElOgO8iz7sZzVw9Wagwqm9qMPk5HON5wNGWyoMUOBg/C5X0zSnQdktCXPvGAV8z1fVAD1uAs6HqqUkhthTS7DTyQdsPdfVPjg4hrx2WaU9QyCLpd4prtFEB+PL3DRuRX0L+ZkhCZ6eP4mqxf8ilIcLJlhaebWQFZ0E4asWm6QCiB1F/p6Ccqq9SCknwNK9pAWfcM5PqE2zq7Q5wsfPshhbT4ayOac8f3cL1hCal9HnMk7a+dIHNd6ScxU2BkPhu1kKhCVz5MbmJwvGTDZOLhIR1p1UGfcUYHrjdPaGmdScn3nwsx0qE6ivpMzJGwpIo7FcH7FPV1HlrFhHBXfbySU5gKJQJRzHWsZ4VkngCUW6AlY3AIEvh3fS5LkAOAoy5yQ3SYPBMze/Yx0oAA/u1TlLk7sU0P7H3OPXpkH3+JK50Vwbgd/3nzCvikXxcziQNbhtv0P20LmEvSwU4UcsmADzkgwTzaQ9npyWLSJRr28nLpvrBW1mdofV0HwBkpb3kXMqDeg2//N8lFAN/lufN9+IL8RDLfNEDbQbQYrZayEATsXLDFnyOocNf5TIIBS6rSiw9FcciiP3HO7/2/NwFTmqZMdf/yWkJq5mlQT/2hdLUJSczaT5Q6Ac3OHCO1R2AwWHCMtMhlBZh+25vs7My7gtHi+D/is8uar3rd2O/q3RYbmCdsxXlTcFAOhkgQ1UKwls9gHdYHTyAGLNHTeY5MnSYJa+MelUox9bjt9Bs0XY8BKo/dD6bvKijxFHpJvnhJlRYtao5wRfC6Ci5jzoRj/QJb4XgvzP+OvxGPGhPx1pMD2Sn2Mzvilq1OwE/RUR6LhP+Om5Z+fOVNZHrEmi6n5mWwx3mFUUnoPml0TTg/tLCloPk7Mq30x9HZWZQkMOzaPRDvZDfnRg8wQJCU4ewyu4mjagmhnkLSud2JhqByjKLx+fBMpijoDKr/t2fAIU0GyXE8Xx80NKb4zn6wS47wsHwWOzzXNWX9DQFN9UKkVulit1KzOaHiC9/EWkdh+oF5DwClUPKCnNo7TBvj37K+tVQUYQTIuj8N5yX2J2GEYqihnbLk7yGiBErTtMwjQ++84EvnbUv9d6QEI0Uuw8QzUenlyZiSz+JfG/O9KTjj45Nam3xtW7NsxHnya4fJfx0eotD5utV/NX533nGY6ayOuU6WFc0Kr+VAcMgCJI0qzKf5juKhySjB/j+hp/Mw72rS/85fRf7+09GAw0qBA0si0/P5l4Bs0q/LHGLuDBmXSrZafeh4DG1Ihf4K8sJth/L/o47n5gF5nu9gS1T2v11KEQrWUXUGEDtJ3mZplxHf2zitUw9zemFcm3qn5az2wctxMhCueF85S6IJ2JftlPr+bN8xy0a2cltEsUaq6BO63db8+n8YpK5Vs+TbzfiX9IlgVH71XK/yWbvAS2CXxMKG3NJiRVG5o/X9jF5kZKe7B2B16YPvb8F+odbH9+Zf8L96HeZb9St/0sy1/NnJAo3fzB/U1W37kY9/HJC90aWdIH5g3TNeyArLgu+ecV/d23spTgmO0gVCbY86zNDID4frSXLSNpDZDb4417kO6BEw7kLjLGpyUNgiFe/y7B2O3TJYT9NcnM7qwD/5uSAfTNzvpfW2HRWh+scM+p9KpMpDybzb0jNeeFbepbxZko11Fskl8CQLrzyfcXua18EvOUVkQw7xEgEFDnFsqdmBIXfHMJkHcT0HhdQbuEgWhNHxiZNu7oMRd9E20NjurTVWIabrcjZpdwZ97NuWzjvbW39Jq4X8rMbxCQmuqkMLisWfzfM4Lbzcc0t8Yb7awDKEvYURlpORJt9bSf+uSiVy3HYY9R7XiGcFW+LwVFJjnT4JRtiK0Pxs9qpDPoUPWU6q+9Z8NyW1hxHVk9PW041dJIkZVSNfreoytjJOCfRzVNpHJNtu9N21mvfvx/Yv7Jw/Ti0rnkBKAuFVZ0iFW4S8LV0BESxOsKsrLgT+Ib079mbWb1Ald/p4BFygrlKR9G3AVSxG/o7u9dF+G5c47fEuaq9/aP8K/uOA6YyYpti91r1/UJzGdCWWLxh2tHLH65ctNAloDA+wvhVxFIxhWwi2FXPVOHvwzQs5ZykjegNxxwiSBUWEOwzrZGnns8DQeo9O1svQ3Xu2jxgWn+jS37RcTsH0y67jvv0cQOkKzQX/8VY+vhVZtcUoqdatEcutfUYhm6+CMG6NZ/Y/tErvadENtMvKT1elSqIxYiGuABWZpa32M1BqVFH4YQEy0lBsq9fpxc/4fqpofgaUvxQ1LazT/QeNM0UniV9xu6MR4XYOygFuEp5WDOLKPOppOOfyVhhR3ZPNiguVCGP6df9F/BdajS8u9x7DVb3Galq310heE49NNr6xMKy75kW2pvXlF29QVzIrszbxEjh0ca23e3ClVMPHDrTY4eUiaBLfsUSykDSwQ3zgbEgdu6IGtQzQH4TIDV16rHSFk++YcApGd+MtM7frwRUj7xjhiOWOw4IqeYTNfU3XF7N+igu3ivBXH8AL2oxlcn41jA6+Xhk5VAPtA+U5XxZP34MXeZfZKVl3iqCe1ps6OD+DkAwMtGe95AQIlGmbrKTRGag/1f0xXeLO4QZHEhGZY8syV84koH8cxotSV78VhpcswE4smOwAcIYSQ8jnSsRhYsiYlFj6OxF2/YTjd/98BmXox3+vt+tMdu7BAfPyzlNw+NEbhK7jzGTLYsBQNspMSa0HxoFn6CbOnJ37lk6+q1xvtj8f/a1vtnDKgVqf8F4jTWkPofiCCsJgMu//Kn+yV/jamgamAsXZ2Y+VROlKA+Be8NztQl+S5YkOxEJScmasMvxnV0w8S5KRcrSI3fPieq4aa7j4DU0Qcd6NFF1M3phfvHC29eqnmuJdDZWuEXWz3MfOjhLAJDP8c6fhYGrt8BhBOqdzDXZ/PZ0h/2GGN/CmcXCRM1c3qJuwM062u+/jDtS92VRdP7335IkCcbzQ9ImM8lMzyuSFTKdu8Ar3QrirRaPND9S3fM0SFfLQjI8c6u69t06Motx0mWo+3K3/hnY1/Y/ikXbw60urRD2LRSwxYfHP3+fwu5gSA+RfV/SUmVOp5xzud6cxi46Z/WKvHMBN8AblXbjHx33DWCMVfW6a2XTFtFFUYEBsamTDYfLwy6BCZ378KPsFrII2kfefDdj/pxjZslXsrF5Dj8ViC55YOED5E2qfJtHGnrpKKYXed8A87oBxar3BIcm281AUqHnMfokgVGCXsWIeV2LpC7s5I/cLcu5aBggAM9HWgnQ54rrtx6uxrAihZHI/EGSS7QI4o9rJSKdfIP/57PNEkTrZdQL5eEZ4Hc0mZdrf+lQHBwePsH7Vpb8bCg++KiQLxLC/UXqntMUDgXb8CZUi6T2qypTJMOV0ApFNzG6YCkUU7Yf+hJb7bXXu/qnXksjeiBPKoPYDP9ueBVdUxxtNTeDvGCk7hW5JtQZ7EbQ7dUkZeBP8SVSf1Ko2K9GWJRuKaOrj8d9Jbwkh6Nhb14MUxf3X5ruvb1FPpAvIvCSJ1Sb5P6iCECW6TZ/Mf5sllIkagYmffxETvhswBAOonbbTzwKrin3KxvJ0+Q3XZB862wXCzb5scmkziXcMombMP2HyUpKgbdTxeuT7YDU7O7In2ZRuqCX5q70ItaS8NF8p7GxV3SNbZDyNzqjgMIvd/+n+43HnJbfAl//l/eJMsz0BM8o0FSrZYbR8KjrSZEnt6+D4NeiUyNknhW4JPucAZmWJ7H4vKWKUU/G86KQL1RQHnfNbfA+GCXuyrLfKsuGyLcv7yufjPJGV5EtridMQ38/2bLG4+3Doc1RkAWUgr+si/DM6dmrYFSJfvTw8WaF0zeyApZ8DexWLKrEmtqMWNAPnIMACd4wAzcB3R6PmQxeESSgt0ezcdO0tEpQ2a64EXY58QVMelGVBDoSUyLEURWGl/QFYizoLXUs9/GZBq07ZteIFq3hPnXkXua+Nm+gdrAGRNJvPdgGPMYCz2D8WK6ZfAtABu5c1JzGurAFqWAuD+ne9Y3EbaxBpkh+wGiiGPPjWVKSlFWZNHJQB2Xg5GjhLiN2/P3h1ERe4rGByM03D1NnBdRyycdG0DT+JvW/LkA4eGmUVvjUoloTDJy2106CMa6+PbDb37gKO91rdOQCiUNnXxTo3jA76x46tPqxN4io9p8j81CSGBIrcL7kIYi4BwvI/I1b1v1LX5QDeIcr47GmQa2UUA8T31tbRgVmdIZi1Z+Ag6w48BMoljaXky3DnOPO0RvZJyAZtBtUefd506kRgXMUXd/XHUJ0vMHttvUlXoD8/UJjeiOsMK4zQ1gPz9PQ+XTS6W2jH3sy4H4cibpAJM97w0NcYeI2s7HSPIMqpXe4VRAHgw7dD+WTkW9P1e0b0LmaJ+qbzQFfCWJmndYdE27CyXY9GzD5RbawJvaGWCnhiw4q5x7JiEmuA6XCvTN4tyxONkE4EFGa9GH9FsiFy1cHSrO6JIT48Tdw5NWikbnc2jFVuqvtinw1W15I7yFrtrBm03nGmQRwNGom4HYH1EOh8zp5nKXzMw7bMQ/ddLd2HzCbs8GOMOBPDeGepYJ8XfXb7EvGpUisj09z5CH1oNFVMKAZQ90lwX5XeiZ9Yxd+PkGIP5Qx3dLCfduw8d/Q1mL9EBIdnDPV5y5TKbVdU/jUrq5NOAOwM5gg44fOKoXGtRvmKFQwey5NiR1iu/zbJxt1hhDw4Cb2Sl5hIm//pM2DjUjW+NzNXrxllWZoHPYVIzuYApbxAJiArA1olbJsYUvCAe2/UQhfIauBLUNxNV1fyc3HV9h1E+SYi0NXDfvqYz/momk+lP4+ZId/wkl03ikzgFJ9QAdC/jwhB+ZS0MIMbhVxp/HTCRBULaXl09B7ALqesHGcGdiKdkzTU0FZHfRIFbgY7qeCK9Jv1Yu83SaydUpj6qVB5A0TAaFCpyHJJWJvK4SF4F1IDrlOSbQruLQf28ytYPsQftnchzUvtLG6zR93ypKSNk3mwBFC+S20z2VEhDA4TIcIicq7Qt9pB4FMC23Iumk1RAPpLVZOC4nAyYdp3kKI3frVmK/JKxqmoFZQePEMX1uU9iof9tfKDy3UR4otmf9nYww002RU+7Xz9uewvEKYcw5G+tR4ab1Fo2EtH9AJ3LiREf8GXeLFMSX5Js6UmNLVK/2wvKRORUIhsi94dzABAX5voF8xCVe4x9n/BEEDfxASEFezVRAqUAqHNvonh+6aA71oDR1bsAq8mP2kI7xsmab/Tixa96tacS7mHbd0QppvoEO0MvulB9K1iXITkeafbyoTwqnvWBIZKQe55+CJNX9IoZ23q9ZQ80PjEL+SBO79InL65AphYsQwwZBL5Qlql5+nKTAz3glOb+wi9xNV/GL8U7Zmr37qZWLZzXvDd17qsJWxeBInPv4GLCAnKgGdjgodPxDcB8uTc0SN+CDoCj0q/Non9Xq+2p286B2YMIX37Pey0pWwv9eEQDGIBXMQdgvSnGPWbGDn4lYFIl+oEEpquqJq0ERStTX43rpAlGpwVh1wE4/L5m29uN1ZGcuHtW03J4HAEJ9dLUqlSAgXrBjHwmoeyjLV5m4sZGgIKujYnxmsVsifXo4R8sNSTO7H0ivsSw+0EPh2isfVXG4o5ZXeoF0IbYfBFALaFN0WkHwbCn+iJUd6pbSZt2G92bO/BDfsYwD0Kh6bM9e9jJzh67fGkf8fFPq5dr3aa57RzMkwubqtpH3ynmk30346fmdw/AH1zr8Lk38gZofr64k+nL7+b2EjYcK/GAYT5JOI/FEKFqX44xAKtDWCy+UIzMk4es0DekfHfBHx+CTqvAJvQAz82Pr1FT1s5+JOKIS/FuFUV2Tz9GNqc8XWOb9dMACSW8dQvHm6dAFcksexQGGHjb674W/nCYtjDkmunp308aWxA5kSQ+hA4JlBi66bbapqqjlgopw9fmmiK8HOPFQ4sz/k+mXKKuqURQr3BI7oqF2Pj+EM4Rbsh9jMiQdUFSXspIwxhm/bhXuy+O5mGwXxhC1Epj5sGEq7+6BSDlVqop4dfnXNTu9V8g8z9gcxsqnaRGBamV+gZqlPTZstej0SZTaOzWlN9qZwjphH6vnH+Dglrojzbb4ANh4MRdIPkpDootxxRz5WEuOL36x/D1Aja5kQrohD+JGN4n/ID+WhJsU3tafm/AwhMDjbT7jtw/nR6qXsuyHsvvaIUZS7utcTYzD8Xu54FvoUrafHlSGrcpJF8+vYDEYIPcA90hPWuN1Q12Aooq02nHM6K5ZIsYXHfXLN3me+311mxJrQWHPoLXlb3s8bunCmqj2rOFIzUJ4ykEfx9g3wJ+8VFUYseUGnOVBNN4zXBB6nVRpfjygaeIy78gjD7Yy2Gr9Fjy7IJJSEKNbNX54SHAP22YN+OABNjwpIPvzkkWbovGeRo0Q1eFJZ2vuzd+Cdf26b8KcqZvLkgb+7m/eg7e881+wmsQtQLDkMsjj2Oq/7AYDAxtVFQQ5hb39wpVSJyEkUYyUj5lnXP59my3rq5PxpzStXM8/pIq2NE/mSVfcU/F7Pe7I0A003TyIc73MnYTxPRcPqZTNzIVz0JR2CohdteLCuDegR1MMbLoXMl+eQtiHt7t+mooAPMa43vtIjl04N/rXU4ef+Mop7JF/iTTlF64YHjrWXIeiN8cH2ud0HTH9PXEPeuLu3k3I697Ur4YJWhPjcqflF/VjGgPuxeyI2ffyPWKRZYY5Msvm4KU+Rcc/FU+mVTcSRKZQSH/ojwla6W28prqzMd07cp1Hd8NoA8nlu1VYQ/lXem9DG17M9DFDqdMn16zHHAgzN+ZcxfEmW9fnVSA1a8hd97Bi4e1RySBPHf+W/d+25co6EKwf7ZvE2HF9q4IhmtO/u4+k8JmXtFfYydKDHZT9ojNzYfCjv9gEuE1jg1BauNJ2DqtbIFmEGL3Xnsk8ljAqgrcdkqguKD8V4tY7+/UaGeBv0dIEKXB7OzVdaWd6tUfD+cpeQXvmNcIYDcNP4yQEajo23TCHiUnlREWCL4DZdptK+HuSn7qbZrM3ozLlBifWbLkhEsxzJrhL08PZRO2TW4gXdi1m0k58cd/WzAc3+BKihtGi2g1LOQIEtrqaDRoTMKxOG0hJkPiVvoA3DR/pCaQpiN8NNijMAT/1i3sOSJWE+4ifuNFVlIf3rTj3dC/V0PZ9SnmVgPRB3hSi6jXqE6ayRYaXy2eLMJczYJm55faIQjAvPX5Lo9b8qyQIgD7I1IMukxdjGjSNn4ncyIttVkOeIogKR9KVusE9E/i0+dgErXYm81EdOfOnS0LSyW/6eCJP7KOYK51YDIQrizofi1AUZ9Qqc8GrzdTruVFcHkKGNMuspa5/8IZRfQyGRYN5RoJekTZQ5WBWA0534gJRB+0jeZ4HQ1bspJ5rHeydMlxvQnzloBiqrRyQSItc3EkqPQaEHREECrKLlzryTlLYZmEXxnzpbIRh6I/zlSn9P02SCv65xjqH9Nh3GsZFi+K53cdWkxoJQaDJSORiIk0Ole3rnbSjEIpKvH453T7M+jUrEzukgd3cQcCtpfYnGehIASGdQKeCX+GPybLiZHrv9/CGhb69r4jCQ92q21iljo0qtOCDPgKpM+5dCXAweaY62PUBuTFmT2PqrYK6dhoaL+8v6BFT9LH7MotktQV1W4+YH+7TC/Dz7acfYVDRzK6xWUPoQr7IRMzGRGcqO4VRnPkm1rIphvr5gcb0S6MyUbKbjMkuw1Zy9Rox5QINsmYeVgMEILkkBNY88WmIdfxQFIBfVLHxc1JRdqOcT09OVGgEJNy54Dyl0FQQU22A+5B2hO4Q0vJMXF3D7fWus24y3OoW59z1LvXY9rd5lnYUP17dyCa4vKIYYT+37cuvGLS9GjRHizcVKKMBmxcTyfOK1fxt/LU/X2IV1iPwk/Ahx+Y6FpG97Snw7Eml1i9PKUWq9gY3g6g1JxGBCoT2r6TyT9v9e3i2qKO1EDxybmH36b3LgrmygOzKmkl3ZzMP7ABViFAx+jZ/fox6mvNp+we6d6zXlp+1JrbQolPsbbtuH9H1UG20KpoXHpFeZ9JZo8rPViggOgkfaKjCwg/AW+iHhOCafSG6xOVouQwQC/XadPePDRavYFLiwdhsE1KDlG0xTrYZSqrcQsGOwzg7pRnjY+tPWHQxDrkChukwLn077LD0B8ebkoBUoIiFs98Qa02J2Zt67MYeol3lE2RKNrqwdxs8nDvpDJgon+Fzmf3Yl1wnZw2Q/p7PiYEuJNJY8eTTI5FUhVeQQkMFk5QYhBCy8BJaxe0SD19miyF+hoWrMKJvlyefjqEKI/CByKusY4O6yIX9FnF+KZorr1RBBEQRJuOsz4KZS8OX0hZ3SunFa1Q6dRq7nfMqixG4Wl2yk91Lc0wsRM0ZF6/T18osMgvJ+1/AFRCuugmjsKxqD1LApVjPrJJaw1eX7P69VfYRilFp0hp2NC647bu9a7Rcytd5EFElJMFOM8pQVYR5IPjq1KhPeth0OIdWJ0MMMO/6+U36KiQwquzUoA2fkkajz4TaAY/lAfTFX8MCquXOvuwPUCiz40fIqa3zZb83HCdVaipW1z5IQqEF5Wflm9UlTbXaEVWIagnXcQ9wFPIH2Gmj7x9KtMLLqLLuv1aIVU5ZtwMlAtbrUaz1T8yFjwCVqRtZSlPDf2TAwrSDTZD/JianEn+MyXl3c7/IXUVwxyxvzbP2KkjeqKnxksva/8qgBFCCCY4Xr4VMUmXMIEDHUd0RvkTVSKxTY61fiTaLvB02f4fnRYNSplXhuwzkF2+Gw5lQ2sXMHpQtpRhWBFko2xEPlxoI33vb4EYLe3U4sbjXLwAKfGJr7fCuDv9d1hkRCvPVum4Hqvt3+5eLvBbHW8q+UCMsnn6KbF4Oa/BLeWT8GLoIvYKnwE44e6iI9i2flexXxy3DIIK9c3eU/5Hl0jq7tU/K78HFGqb+3hAta5pC24Cax9sf/pdGT1Q/b/hMB7sg7e4ShahCV9muJvvhqdb/nGx/eqPenfLkFB+DqyeFxjR9E8wNZsY5UFPwq+FpOUYcmNCNJtYNnsER3dDRtvaW/IyuA0ll4CWqqxBRvZUS9sxEsnj/gyHfD1Mn84Uqr0W4H96v95JrUZvLKCeku5b05pCiV8EgRoAYPIh0kGJTXhIWF10Y6BcbVkqROlRaGDE9Zeb3rOy9Q/gcg0bufBg/ntLlR3aFdFIthj77fuCh5ANQi7fW9C/9tFhv7IfTbHTRuG0GlJxidYkXSW9BMYzA2TF/iQA3z8nlpQ2KeMso8rzZuZMbsf9dLdrSknn0lkBgxaHIn4uhzwgMLJO4Om/H0Rbb5AIiWy370no28O5jVrPrqNNVaKSpwHFwepUCHYRJ2iS2zJTtmL0TX3JLj2jUQ1G0VNWsY7Gk9IuudJaI4suo56/tdzuE5qCOuYMRR6yUxUpT8Oeg1kPmRukGG3H7VHLcQ5TBl03bzk6F8YyeO0ur/shXk6ZfeTyxChL00SyVWwko9RVs3NLv8Zywf+BaZTto2z0sFe04erKJYNZH3z3wOB/VlPIrTNJAD4ufv0MulmP/1yjnSN5HnRB2BKwSfCA5rT5wE3TVydhH9jo1hFy4f2DVax6+NV+UV+1G1ZIxRNLMAqm5Iu7hIi/VseOmwqDtp6/9P1sWcYrUg0Vy/Ff12lZcEGcIOAiuUsuoDMv/0Z1wGcbAlrumQR6P/Wqfqe7O5cJ06efJmNSI7QWRYkqGcfOB82gkcH/EQY/rBQDJzYc89ft26j9Gy+YIY93YO1UW5B5NJBxtzxxlOiWfMQJCJyxwn4metQaazoXma/b0abd65yYQvzNLuRFpqiZ2Gw0v/orPMghJF12e1oqv6PrLA+QwRTBwTzgkWsFssVGZZzH3+hV9uUNTpHh65gjUMdrLJzDd9ZtPrGU9UFErqGrhCsvOBJLYxY9n1cgVLuchyac2D6wGNdkQOgCvFkWCu5iSX7DI/SX93v2S9XMGzhVacX2ggG9h2Kx8UmGwVKSt7GHVVWXYKkzw0SxZ+nbosWs7VlhJYegUudchr95C1bipWe1MxBqtNUzCGTW64OB9Rj/xFBfdUVTiQxLKbDMp5mffi2/K82w0BmvBIvTKPtbkzo19+sE52/KIxM2XXGc9lCA8uheeiEQeS8kQPov+0r59EHE6HpU3iIVCugGYthpbAAwsXFMpn3qYLQaDbdJ/09iK6rOY7bWmDD2OcvyqKpfd1bapJfJcEu9Q4nkYYcJcr/KQ0W8Vgp99AdsKA/ZTh/Sz0J1tDzikEZawHUOpftPQwpKk2bTZQplfMGk2ef6iZuBBVWrWoUbhD0FPHzXYNTi7OY+YXLi0ej4camHlAPLjjHuZaY3mz7AFIiNztKAphuetdC17YbXJJykC9ySnnZPEvlKzKE3zbpg5dWZqYI9m5iF+FDwI2mV8EVH1fr1sxm/2mGw/W9wJ/A13CETWAH9nIqpZSm3tvnfqd67Ag7gxriJxmW7ub1N3RyjRtKmnsbuPPsInJZz7eKJNK5U+MbPIl/DcbQkh3mIMxJdx9hWqS7Yw+D6ltqJ/F98pDGU1zL5/r3DNiljZq/Ps1h6Iupo1o/UHrkqAgBisF0oO49FYIeK9TtatrXPPIQg1h0gbmD7IMeRxRbr+hd65sB80dSv3V+4WI9ZOvMtPL6tRZPgB1H+q4ipt3UN26vtQb6puv5M6YIkvfRqY5n7GLH0iquRSEjNw5mSOlct0jnCSV5JOanptqzXl6ys4fBxu+KVd7CWpdeC5ZAwc1uIhoPE+JPH2rYPyiTTSg95KmpQgkezXVsAowsgIfQxmz9Z2GOsTuykJur3BP3BWmoyASV7RF3TOXvdWu+t3wtCx7qY6TMcYUu72/rWfNfI8+tdQFoFf/DPvYIR9RzXLRyhTmXjaHNeSK2L+J0KXcjB7u5kQootUp1259dWfKDhGBU1/XtQ4abERmNvRKMriEYMreiIDgOhjIagELnwbGlHAPO+9hGVFAoqz4uFwnfPCuzYThVowjJvdtVk2zeuQhlE7YAseePWUkI2rAiZmjYhVjcZfJ6pnbWj9aEb+FnBPgINTLeJ8PxyDk3mbWvrWo9K4zeG85qP35zu59MiQLIrKMCXRa4ct3MveygDwIfZjUX9BWShXF33SpOOcZfjP1JWdgBiDjbLcFFdK5QMTVXp3XFdwVqiwHbsYVitljech5UM4HUKUKB60/GYH4yi6QLMgDQfW0m3q9/p8jzWnezkSNwwiJP3NJ7U7VVj8trlPoeD+ZMQKmV17ex8ptcNC14zjDtGCRI6Rs2lYadotl/sX+SbdfiL5KCjWhGWxg559guqqyFa2X03tsENv15/h0fR6//VaqkSzC2aMxkBBMJg1u1To0nGcGhHh0UQCng0f5k+YowOlWU76RisVYGRQ4dv1XhJ+Wklzrlsi+5XUWMrzRKAwipfTXmFKGvgwxPnHY/P2NsrzESI7kiC5ssnDlVfvuYmoQ2kAxsYDBm2qVL7D+vqPhjAm+zyBsg8cz8ACczkanCKZwlzlRHB9H/UiLPoS6UIc8lfPCFdpOvG/8NcNJMnBA2MjVRHiCoFCWBbu4DDNbv0bWK+yI0SfgwXysRSTwboo6DBzUHkTBjNipPHHtp7FSXT1PjMGg/w/QQWpWzX3A+YHT5O1kH8goDUnxfHhKVQamvdG/u6PoEXmSXvojkQJHzWxKzKt2GUNTNJ1QRGmtTijcffioiit9IlWyrWAzLZ4Sql+KfJpMR/e8+Ak7nn78B92MobptbTSyn+m2jgGacd1JOBFnZUOeobNQsvYQv9fMlWV2GiL0F7ORD+JioPaZL2YtZYjAZxR5KI5Tz1n1yWSBb4om2xtrNjPLQNDFFAuLSYEprnI48w1r4nweE7kO0bnBgL5INQIyKvkLRtbmQnIxxptKieOpk/lVt7OyLxjqb5Ek3PxVxnoUweXl3MHnjy9jCopRnwpFCvEJ2RCAzW/jRkf8D7HYvS6mYVc03V9EVjyiSTeega+OdxFfntz7T50bb1vWwyb9WPoWM6875A3A77hJmFjEg368WcKDqaFG7Byhvi//+AkjUA/6gMOlwbdCvOPJaA91Ru/2xAuEzkTMvI+3X9b5OCmx4ixEKX5MG0wkS4LR90bHuoGxKg4JOZ32Ink5uxdOl1j/8YHOSb3nBN5yi20Fg+DgMf2/p0ZVgX6kNaZWW4BzuqIV91XIiBR+tvCRPq5RjLrioqBn2ZIF/st1lkdxenmemsMCd3/0XJRTTwf6ndBr62bTlC3d8vwuwp2AGxb6B5fcJfA4F/LgSYyJ/NbTJae8cYwvpMhBfd7P/qamQzv8mDVulG7F5KNj+DWUI0i6NiChVipbNZ7OvV6HF1reYHJl0n1AEY55wNPbR5ulAnFJTk36aA57xxJr8+iunioGNU3rm6mdTvdZRo9B6jmZylnvvHEaWk7s67GO4uYO2LVkP3HWXApqCWi8DLZvPpT6wiXj6vSWrq6r9koXmhpPobBpUIQXqeUH8bcBpq6Vq63Y4WIRzwld2ZcW7hsnn67Ueix74YcHeVSAbrzshodneJ1f0dXCX0T1PJ3Rc/nq0zx/WQzgdhPK93+aHoFgoN9lyBhjbGQSCVJr+zn/pgY4OxaEs2IvpmvsR0FPP2/3AIfjSwLSi+vV4QXq9FY4J+aNuzkub/+ksjQfy+dM3WuKTnbPlbJju5IKqRhcwVmd2GVhWfxoqLAx/9Tul/rtdZUuIIZm8y+HMj28zgrKg1pyesmGsSkd8LHNL9jMwtGaiWmoEqzlXyhruZ2soJ8itzhSdhjk4afAlwRT5OKnSWDz1NS6OSVjpc/aNVCann03TPpvStO16yMgI5LD7GBEmgpFuO+16XTYWzltGwKxJQmPaeeGhs+iXAcp0gt2WAe0hoNU0bVNn0R/s8+x3FjUWufIpQxl9geQBmR27hgsh/aS/ZcJfwV740JYiZhWDShiPznor/SM6WVXqWmQ+GSUjlhJPUrhEEthV1BrTCodqRtjzzzgRUCOAiD8qVlXe76UaGuqxoCu/EWRnujlMTTRPrmHzbbeB2hu8k9GHXAxr5rFSrTffqEfGRUadrzVZqIOPl0p0RI/yLLRI2jx+EpKKeZHipVXtIW7vsOJnxrFCb0mb1lTGi4IeCU9yyXIAo0u/rR3cfT31DefkYVxgikxbOnM+a+uJbw89TVBZjiRJGRICF5WJ6eOALtwAHkVK6Y18Wl/5y0YoySFtVWNzZ7aWmgyiB1V7Db5NfYWek9RYdUiAr2cGZYYOJZaJx4I/+dUxWVJjjSNcVtddFvQXBlhmoYQ2BhZlx7fkirbge4xLf88JrqRPyxNXE8Rce+iOzGRmauVZiC8ykYbxkrsvkZZXE0pGeE4KtxkqnU6SaBd73aPeaEKz9h8bX1/YRmfLK8qop08bfR/8joHxXoooSoISA3mmjT89JA5SEKmrxo2GWPADfh76nZJK3JNvhbSKkmLDjSM0sjHBeySQRM4p2yN439P1FVVmMed1StLStNJZ3yXjBWlyCJXBgwWyfCi7/MzwpkI87r7jY7ucucuY3Qr4D62YFODoR0N6PlcD5i6MetfDV6jN9gtX0IGZxRsj5d7AHkMsI3r/L1LS3RAVoiBW7WcQ2QNWNs3HkG1S9yr5J6BEql1TfbKx79ABJZOx9w0LL8yT6FJ3ExYkOs0WKL7JR5t7LApsCSYkIBCegtW2vPcKuqcpDamugxO+UHL95J9fgfO+17XgpOyXQBghPHaD+iY22IJRWZpcoIgfZJAyERHt9IIteHQMfR/pfoj5WbaO9wBUw7amcoNMrOzPjhSRqRRs4mCZf89ttrJCMcImvLKvteLt+MBptyGpJUbIITzm2Q70Pc1+vxxGyrC1z60Ic9lZmHjD6mOeafGau9q2xtJ9chrtAzxV/3ixD/AMVRB0qAqvnOelft8cfPY2AtmQOxmQPiPGslcct45R+QE5quMlQKGdvlAXwyWO+sRCY+8Fy+wy1cj9Z+hQuBsQGBzYK8HJtTmyQGUUzBYC6bJVsSQnxYpxiMAp4Ybh7OV2SnMbU7U4ryocUbRt5SsGXYtOnYrd9LhuN1uuG9oSzjnHlmUQODvV+pMoMycCWqiC0O6jLHGArHDW0TRlHRhsVEU0qi2o1nRroYPz4QXpAfb3TV+094XW5GBOEWz4J3XSq2XesGMuvgvkMKJbpJL4rbN47LN56wWCkgQ5eYOZ8FBN0m38UV3pyatm1PmWV0I8ZApW7p0OU2OjgTIdOuAwsZA/Ax75Fq5CQwXuU/V9C/AqrSL/Ejhgkmhrhb9TypSNOqngP/1PR2H8xOy1eWFjMLoOFqZ0FooSqmNsSao2AwhXlnwYAa4gJFrB+GYEqvmhh6qcUuXaqQJ/XdIcOvErcLBMvsNgAB6gaRMVqQd3Xhj5z6xUpLTo+yWtujtqvdbHDAv6CTNxiVtm7DsN51i5RBL8uLFp7HxPHggoxoqC0B1IKDFQkXPr/UFgtCExGYWMV5+Pquw8j7iMkpdcBG5Wknau5k4zRSVLGjorlXABQB9eQecjMoTs1MRW9t+JQdkEKJY9A+ozzQcny/eZBgxusEip0tmWjZb3of01/2NOlh4T2ZcqF2ECGtcwQtF9ssgyQgIDgqgy1AUSlxX2M8jXdOfeHLPBQkyrQagcuqBXiUrEqvobdqti6Be02tjuebS56AJzcvju93UdwX9WZ/Cc5CAev1AVMlQdW4RaYStIJAuilp8KbDN6pyNpJ71/3LUZnwBiPYf3J2RS2H2DBD2wuaVsaFMjLOOjJVN2EAKIYKTMnB/ydaxbDPq/iNrRvUb38t8opY0rVFMkxpK2q0gp+52VscVJ2Bz0s8S826lZOAyX2Cr+87m7p/kXfl2YBrR0xfb+HHavU0XepmZwJkZcIrm2+V3uG65LZSWtLhM6qHf29/qoQsz4zLrFR7t95kOhFM8vUhMGhrZ2yPopYHNiL3tIp+mdXpkQ/dG7AwF2u6gMdkCxRCDfSKHitVNN3ibCuMVUVxnfueztb/+Cxvnx1onN3RXFqmh4DFjMv/5ZTI1j6XrW+GIk+uax2dYeBpvUkn1rIwQwqwvCzgbBpxPLR6RxYWx3QG565v6LkwPvCM5+FdLhA58+uMX0OUErYgltOACrx+gz5H6GMe/zebXG/L9KruYVimvkhZ+M4dIcXao5D+CvPk23JrGd4WbCbmhganX9M6vNRBYpg8+oFNVAK3AD0FNzd56cbF87G7iATXw7M1setz8yjYSLaLI5k94vEzxSwbMitj3cAc9eG3dCWeYcEU/6ikCdJsqpr7MF61Q285d9o7V3JQigrwInYLLXuYyoD5MIxmuF+lRAzPUrVGL1EpA2uc2nvmi+KdqOqNMM0IWhFAvWZ6rhjXPhT7wti2t000IrI020EGCVZ1OLcgHQ+squSuuA1HtooKkxi+pcqO5kyHXzBj5jyIwEchdxohu8G3PA2yqZ5KXI2EvqjJWo1DoY6mPxTVDZy9X1ZedFznfQxfI/Rz7/HKTiOthNklaJasipOTIBTqgFzuSub/aR+pYkdmsA/UU77Y3P9+JpvPKjKK3+fIiDyvYT+5UK2mzIJjoiBvDKnsceNETX9wwrwdqBuyfWlpUPQzfep8fq3cO5cBiS5hHlhgpSztcl/IkjUFuPt5KPAAHorUYObsToY92l+ys3I1ZDp8c1u52vNlyKYj2P2RfEbev7RPHHM7JoZPN1LnrLq7aLDJz5kPkdySQNywX3YVzcCExXEgwIWdjv89G0TUvOUKTArF5Lj5CbtVsXj87ZJ/7H5epEjKh9fNKDWd7XOWoijtlQUef1PFFBCpftz6iZaLcGoM/wXwBZfQwqaqHTlKbxaGRAja8vYCEgE1WteofaIDYr4g5zOTv7TTDJ2Er0FsmLG2MHlYh3a6AML1eLsJiwIsiNbc//qgPV2DLoJQo30AjTT6IyGua/BeHD6y0bNr3Uu3tElQXGPJf+iWsjvD8hnWHnU3pWeUfO//Z3AWJS3CvqL8VehpG+jEpV5sAGsBH/PV+EhPAIU5+rAk3GJBfieFjOCtGby17wYU35zyEJkYFSYA8lazwmd0wQtUqI4ivAw/6nUH8tc7DdumPvlpdK7DXPwo23QjBtB8NiLpYPFjcCtDDm6y3B3ZrXLI2jPemdzHf3Ry1SCurGJQm+0xBFfOsZPFeFm+xup/7p8/SPzBnoaRK8zo15ZG7xJ5KlD3eDEtKJ9czn83EvaD31Bm4lNZx1RekzO5txwgDzUcXmK1clxdH1E4Q1VcbosdV7/OOiulIXKUehkXJjzG8saepYpaq8oTK170ghSecadih6OKvTtJyRBBbvRToPW7f8v4bAZBsNodZl+p6iLNl2BqYrnBvoefERfW1T1AYcezr0J6zp4iKRJmMmwgEbWsml+3qfRI55+nhfuhuCb+zuON3xAGDOZgEWDetKFrRYXq9AUZsR6txvO9uyVhfU7+DGJ2DzhfVG4OuKH9UEhSdr0J+F+G3ac1L2U+vKhhRv3GpK2oZ8W4sS1mgHO9/+pBj+/nuslAUNw97AvmE/zFSy4as0AZVj9IidbQ/N9BJkyJ+AUAqJk07JIUVK3PJ7QkZAnTVogfB5ldsZ4Y2UCszyWCey637BowdYfNOT2SRHQDHj6/VSg5rhN9S09ReD4AxVnYv++kjJ/hyh+3VjZPcs2L4Bpk1+bMqOSxHq3QVG99c7pIPtLosK2w8EetVw7h/qrVnTH0HO5gIt1JnGdfMhocAQIRyIUOVoJuUEDtVcRZPsUoiZ561zp2cmJN7Lro8yMoXKZ3pV8vpWQZLhNIo5u6gn8GBekIPAplg22Flho/VqY7il1yggOdCw+Si/6ljS+4Ivv46h3ukHEaVOC6zc+fBZ/c4KFBePKMkqCjz3A8RczhYDm+W0Y5i+Hj4DscmkEpphj0tvy9wcyM9MxGe4Z4xNbtdXe5quB1KLJTQxmvxnVAlj6EgIX0YLNTiFFL9nGXEdvgH69xhX0w0U9zf1/vzbXvUVmZJLQ1vvknr6p8DO7o/WvYH8tJrCoNFqGazMq9JtaG2d2NRXPZrgZJ3LKEl2NX/rp0HnhkKM8HRPmkjqcKuAuvtaE90stdKwf7IyNwGMw1LgnMDn6OPEosivNAEOK9d3/Aowtr6IQnw/CNK2H9p6vdhliGNBzRgm6e5JupOWw5Wu85aNdFsl2Cs8ilIFEWjj2jA1IXEpkvfkPQxzQlnPWCqmbyRNNo2uKw/rqomu5Yy5zA0i9bSAJtxDcy3Bs0KqSWpXuxJ7oW9dognNCW1tOSwWPmV7WgBWMiVwC0UKIDJK9cUWDlHvi5XJcIXoZDO7YseSySp9OkTIyvPQXay3Vf1sOh/BgcSGUJ0YldJ/4Q6ZLcL4dUSQrBO6V9/5HqL54aB9fTece2TAZJEHMcfT8dbnIg1bO7nD4YlLrrVMGRjocFdoK/IqmNaumBiVb4gxUXYALYhgi2nd70ag/gmYLj0xNRfcXbk458DmaT4H+Ms1058oICJ8O2uEUZquP/TECOqV+SKzNo8/6IYiE7stck54JD9pWeEQt+4zXMa1PQcy4YgmJq/twqGlfJ7PfxnUgbrRfCVw86AQZW0NSmd5U/lZLjW6W8kMR55br8whL2m2PRxlxkbxkiiBJMoHXzj5MAAVtEYboSvbcQgAunROgdJRsWxz2DPE1a4yY4uIL4CO5OfmmgANwt+y/Pnx5Jw241ESDI1Cbr7HYyahR/HogYFEcWhF5P18pNir+DCiAviEbAzjFKy1qBQB1vuBcD/SNgwUOMDPR9pzr9KyvLLaM4M0MGIgIU0n/Xs/Q1X7liQQzCpFU79rTgmL10Fe/j4YhWYE3+V/CLWSRxEy57AnuE5//9roFlhQqpk/C0cn1cy+eKufq065CKcdXgsb/Tv0oAEb0GetVE5iuuyDi9GvLeSyU82V5qT5+0pqid2QlFdufyaTv/D2bW2/R/h1YKX0ZeJHZnw+3ZxehjRzOhENOJDQ/6GTbfgEiH4GYvR1qZNcpEbquSrrsRrChYoIfAsuF9NNTC/RO1e0siJlRo+F2fkhT9AAsxYCpF+xhp8gff/KK0aIpC6X+5xDnCaeTpicyNv3lykxQul97FNhmB+xTR3Xazm9D/GYsZ7WNJz+SMQOMiLrATFv5Iz4ZvlIohCR6TDsGJAEQD5wUEIarZ+z2eSvZ8le6a5SGuntb1EBAxQvs05B8XbwmQSsrKzaDyFS92nVnF7yg2RbNkV6qzqjIyQBVmmVTRuTT20okCny8M5oCruVJPOQHRUHvQ7JIF9wksJHmggU3o9DWmNcMoNFJdo5Qz1lvEzYqCvzvP1+e6f4tmiMNaaQhOqP7+g7WYZyr5TouL1Oez5Uh6XbK+gYVtx2vzY8FxZ1Rthka0U1ao4hSODzE7+G1mdv2fIBwuMFo8Is+VJjoKc8JEBW0Vu0a38CnUVgo3tAgAgXbYNN4SGW8vy+HbjgLKQhRij2K12gvhAt5bbAG9hFoRA9XxEYrd1IK7qmSRy0OC+IxfcgdZWutyDS1oxiFPQtIAWaGilyOF5aBLePg45igUF6AoP1Q/3bhWvAkLPzaMN5OIDXNzN6AmNl5xMGZ5eTMICtdCQ3fNn8+BB6R1wYTunHNZUed3ZTtFUeaoLulhUMHErasR+MQL6Gs7blaQDg98uuosqANWoCN0H3kZgG2sxsDyw7aVTo+iRYbYc8lFCguAzGAXgkvmO2LlLUbeBg3JkU2xGrQTk57Qev1KLNSdlQsA9ZMRqxbM7+WxdjNAelyKCWc6K42s495AdMHMBCG4IzAIxMcvrY9FVPg3cRLVutJ7OpU+fwU+AKGa5t+ARb7e2+YdLLxVpv9R/JXHH9LEiBpM7fSNtlyzc5B9DUguVTAf9iUSH0RgqdBHIVyxD6RDOsOMrL0f6IaMnl+CYdr0ZkAqBLLg995KhsKphxgErcxBAJhyC2oMSxD170Y9+PJiOTf2yx/HqV3J2aeKEuPh+l30nbpasXPWiGokorOqtmpBNW8BVh2hR8LtUX5TuSSXVvOkzItcSyNzmf+KmbzXePgWWYLjIm0+OJpAtruFozJoPDeSM5MAIl+Jew3HoxcBhdCf6DPMKkz5rnjNHdI69gFrdeDcMATkA3V4WSnY2EmcJ88rwllfsdioV/+pTI9qLEHMCMZSWBd7pjEiCrxw1DdHNhl1fkBEgNZ/g5YtCehaXgAFyH+ZInN2YWJkCXBsYDFYzZOpYH50f+TwraBr21cv5GchvsJs0CyyemtFK3iOMrUOBs32IR3FNUbDIpMmtvdBLdJjhaMWX9+sD0ZG9PDaiG6DVq56u4iBThxAEaJsp32OjOinyBrPRlFnehldNZIjBhIiHKS2U9Xk145yxxYde21wY64VgAdX10AwdfhfUiJ+Ezjxcve/h1Y3MbjkK5RURg0SFEMVUlxDwkNJfLKnJ/+M6VVgUqOyfeP0yvqoCr6e/EvlmszYACnGozw3tsfcdv5XOBUwcbcY0e09KnXR+LxQ+s1bFDTn+fP9e+VTmewsV6T1irFjyheOkFiO6M7sVkIY0oVGiOaPQOampTMN/8D6uakeMNPgrLiQy8+wIwf3Mjp64aJgykw1h0jJO2xmAUvubfg9i+c7pKQnzpRQj2SB7ROQeZ77QIy5Wa7qpvvFjhv+LLxuIgs8mg1Nmg3aoP/CuCB3F+MpqIgBEipFMpBgm8qDqmE707K9IKQ6YQw95JkinqQQCo/TS1qTLlRjSW+sufp+OF/3rmFfdNkx9af15Il79eOEwwpsN9zfmJFO2RJ3HkhKB41GqgSWIScPASphmpEGGH+N0MgGl/ARh2JypQ3TJ7pOBWl7T5Xc+ZuwwYaT3sffuuEDYL7pR14koiC4rJbW1JkeK6XOXOiG8cU4TlA7PECoryTTGpdoy8f+hDAsKjfsEpp2Yy/uXvCfqHKosRZa4ygLVByHdwkdRCXfnolLq55/5vFLAPGJ6WgRV0cS5EnU8x7qaze1Zxw0Qb7vYHgSmqxrf3XQF9Xn8egtwIziHRIRR9Xm/1JmhGtrSK+w3V+4vDKTVqnVLUdOoBrtzHTUVhdZiZ5I2w8QlHS+4t0DbawkwdKlaDQlVmdgg75q1kbkNppKOn+S+J7M0EmOMFEh9kPckZbkrqO38v8SRNJm4sge94LDMi6HAS4h3gJuNhIjPfEMVnmcIGKgs91whsOkI7q4EikpLUZtaws4uDTeF9yV006b1/4OTv+wVb201iMYjwlC6ciffyEzWhzeQobbZaueExyEttwSZiyCTdgkjBqvkvKiOEdNrEYtugsHWjHIyXfoAcbLssyj4s2FUxSE+BSDzlVPra3ek6vrfEVpcCBpBU/lgKt0P0xoJcgxuYFYnf8/qpOo5neNl92Bd3+aDNK1BmxT/cjPz8n6pWRSX7ScyMckGxMG3HE78MRoVirg6Kp/rMXeNmNHG1If5mgmdgsS+z60HpSxyWJF9LA8JeEDYO7+ecs2hjSc9a9I5V4RyRXKEodpqcUFHL7cQRtIGS5LjUTfnLdLZo50pr6yB2o1xMkL6egtmSS5gx/bfXSJAiET6Rg0eNLbYw/uUGe+eXxDoXXTCW8udOA1qRFN803FFmS2t980CpHz5wS/I/DJZL3+g75E+4ZjvTYVuDVXls2MdZHiOudmglgrZJ7130lTI7v+1v7RDJc4ZOgjj8Fr0WxoJlndQmXFfG9r+V7YKGxRLDTyXA+CVulbFdSBkCyroJseb6E7qH+R/AdoNz9kMUhfBq+xMHrZCFu69PLRyv6zLx3Xuwz/A2GquL39dDMK80NpdSIkpL9UZg5/ow4feBgCXcRsuADj029rGF1nUxNH8GaxwBp8fwHTfDxwtoe4arwFf75mUYoLRWH//MkLPU0h3YW+2kiRxK6QHYlTcxor8gP/8ey9hksgKm1sQm9ROkvjQ2KR3wmBbfOrMZ7stvM7zA/69Bi77hAX7bjMmdiLd2pBpC9DiII76580xZL9yryq7Z4yVPG/XNbEiC8z3sRH+t5Txua5uQpnzOGnCs+gULlWc/wd4C4JGlKEmqV84ClXHV1wXkXwed0rZVhQmx+GPTxyamtIIQEnCIAmHCSWWqloRynIinc40oesHcKhHImq+C8ip6lPvqYHmye8jOf2T9iZwxZjxaRHHcQ0CHiOTbkIDg/NlUrlqG0IZvHr1lxRddng8DKwme0l22Kq66H5p+bjiF8MJF/6IKBf5t3Ma9KDtJY+laBYmJhNLUAuCB04l69dT3SuTjvKZrjGgTfUDT25z7BxEr7i4UcUNQ0rtfN+1Xaoiii+ddlMqlU3qviSicOTrdC3etUHL3vbneLDmhYO3igvZDlPQ4uBfa6HnEYfh2g8PJD6UTUms/kdRYDL47GSOObOSZ+TF5B6sRDQCuqAFV6lfcJDlc9NPnH/CJcIbjBIUCWi2xh3I13HDwloeh0UD4ilZ3uvwx4LQxZBFlW+cOYFzoFTPR6wSrGj4NcOlV5UIQkEnW97s7OV7ij0+oOG1gO1dxm6Za0H7vq0oa3XDZQGz+/Ot99H//tfL/KUSPqXntk9S5COaIAN3X+IYHjD1RdkyTTGln2Ghe/0G6FaZ/mqCS+VgU9g7oMEqFvUw6H2ole82w+w134+SU+9i8Cm1ntc2OfStEB4gtfw1hl1RDhjCuGux66Jf0hCg4dq8f3qnSN5F/YAv+seYNOFO/4gofuMp9CX0CzrZJ6iaZQVuPJYh8+MkM1l/K1GJioVPq3fRGXf/5vguUOPALavdd5/jLFvrLUZTcMQql5ZqH+blfTQfiCI7ZXC79d/RTctg5OdgketA1hTZLF3ROoMbno6QxDjvf5FKVMg8Dc/tPh+/QAeSEXH50mDj5+F9jco/vqAZWT8Xdi4jvn3daoGQekjMz4TZnYUO0Xd+DFwhiER/gzl1DQc7TvF/seJnBhNrg6mdHr9jA9kva8wIfgltdl0snEsqt6nGuatGFv/6HjSkcBsCDZXtdPk7ygrV2WPq4pL5SH3qthXQiVj+CMml1BR6e60WiDtIGjPR75myrSQ99t5/u2HXKhFEV9DnSuA1V/sMD+3LgahSxH3G1k6HxeXVNjFs7CeyFppGNJ1yxT9JRTEm5666DyhxHDMtY5BI+WxYlj5JNnftKoQqf0gkp9XAYNcV8X+6NiZkrXPtoFSulyh1VR2dppIO10AiJ9gYk1pp/wPzo1RcUicD80yJWPSiJrk4VbP1gRe/ev3CK2wxnUBG3oXLtQgY6aTRGlMOvv6S+DSUYlntCKil76oNdlrhuBS4it0HYCT/GtKxW2CPbQ39uYUNcULbid+9/2IOyy90cIwyCg8owJ0wXYz87sucfQ0CngfJgvATPXjBu7lwrvmKM1o27gDpoiGd1ERblszHURFvKfYFdodju///yRYk2/vKR4oVHThr5svaaCQh7+I/CkSJASuC9ZCijuh30rSP/fN4WGEtSpov9rDDOYiwecOk/lG8VurPBKk/v/7Zmur4asL8z3sSeAw2St6s4mZz+vbn8GA53RmJLpTp1fmz8qgDquZ0wxSXP1ATwf66SdvDxIweEiLWXD/PR7bYNhkxG9+TmspLhpEvKSr0WO4wybeH0z3h44rf9uZ0WnCtNWfQNBiRxUB4FVJqop5FmUeVCQcH6NNB5eGaM3QO3aRGRBl/b56fnNYW27h2OaG3chqaJf0hh4GuKj3TpSCAChiM9pkCy1fgzCHtioYQpR9soZM9pKJf8Rwa2L+t/0X7oc4RfGzABSCQvVa7fpjHa8lqNXk63gi51KIxSfi/RlYX0vVeVv/ZSFPK/nAAAAAAcYAghG7WNw0WLeMAAARH5EJfei4mP2JD/JBvlie2LRen8aAX5cwQPjO7QLbIZ0WfW/WS+3bn0wPptSE+7TYsCgnjjRJ1y/LU9q7PhWlxgYCRUzA6Xymy35DU983zCESDsLeqN/C5BJbTIb3dz254ioYu1wpwqwXasD0gRl6aQMOCrwA1k8AAAAAAAAAAA\"></figure>', 0, 0, 0, 0, 1, '孟现飞', '2021-09-04 17:38:06', NULL, NULL, '2021-12-16 04:18:49', 0);

-- ----------------------------
-- Table structure for resource
-- ----------------------------
DROP TABLE IF EXISTS `resource`;
CREATE TABLE `resource`  (
  `resource_id` bigint(0) UNSIGNED NOT NULL AUTO_INCREMENT COMMENT '资源id',
  `resource_name` varchar(100) CHARACTER SET utf8 COLLATE utf8_general_ci NOT NULL COMMENT '资源名称',
  `resource_type` varchar(6) CHARACTER SET utf8 COLLATE utf8_general_ci NOT NULL COMMENT '资源类型，1：菜单，2：按钮',
  `parent_resource_id` bigint(0) UNSIGNED NULL DEFAULT NULL COMMENT '父级资源id',
  `path` varchar(200) CHARACTER SET utf8 COLLATE utf8_general_ci NULL DEFAULT '' COMMENT '路由地址',
  `component` varchar(255) CHARACTER SET utf8 COLLATE utf8_general_ci NULL DEFAULT NULL COMMENT '组件路径',
  `leaf` int(0) NOT NULL COMMENT '叶子，0：不是，1：是',
  `show_sequence` int(0) NOT NULL COMMENT '显示顺序',
  `creator_id` bigint(0) NOT NULL COMMENT '创建人id',
  `creator_name` varchar(30) CHARACTER SET utf8 COLLATE utf8_general_ci NOT NULL COMMENT '创建人姓名',
  `created_datetime` datetime(0) NOT NULL DEFAULT CURRENT_TIMESTAMP(0) COMMENT '创建时间',
  `modifier_id` bigint(0) NULL DEFAULT NULL COMMENT '修改人id',
  `modifier_name` varchar(30) CHARACTER SET utf8 COLLATE utf8_general_ci NULL DEFAULT NULL COMMENT '修改人姓名',
  `updated_datetime` datetime(0) NULL DEFAULT NULL ON UPDATE CURRENT_TIMESTAMP(0) COMMENT '更新时间',
  `deleted` bit(1) NOT NULL DEFAULT b'0' COMMENT '删除状态',
  PRIMARY KEY (`resource_id`) USING BTREE,
  INDEX `fk[resource]parent_resource`(`parent_resource_id`) USING BTREE,
  CONSTRAINT `fk[resource]parent_resource` FOREIGN KEY (`parent_resource_id`) REFERENCES `resource` (`resource_id`) ON DELETE RESTRICT ON UPDATE CASCADE
) ENGINE = InnoDB CHARACTER SET = utf8 COLLATE = utf8_general_ci COMMENT = '资源表' ROW_FORMAT = Dynamic;

-- ----------------------------
-- Records of resource
-- ----------------------------
INSERT INTO `resource` VALUES (1, '基础管理', '1', NULL, NULL, NULL, 1, 1, 1, 'zhangliang', '2022-07-13 20:14:00', NULL, NULL, '2022-07-13 20:30:44', b'0');
INSERT INTO `resource` VALUES (2, '用户管理', '1', 1, '/user', NULL, 1, 1, 1, 'zhangliang', '2022-07-13 20:14:00', NULL, NULL, '2022-07-13 20:30:48', b'0');
INSERT INTO `resource` VALUES (3, '角色管理', '1', 1, '/role', NULL, 1, 1, 1, 'zhangliang', '2022-07-13 20:14:00', NULL, NULL, '2022-07-13 20:32:24', b'0');
INSERT INTO `resource` VALUES (4, '商品管理', '1', NULL, '/product', NULL, 1, 1, 1, 'zhangliang', '2022-07-13 20:14:00', NULL, NULL, '2022-07-13 20:32:40', b'0');
INSERT INTO `resource` VALUES (5, '订单管理', '1', NULL, '/order', NULL, 1, 1, 1, 'zhangliang', '2022-07-13 20:14:00', NULL, NULL, '2022-07-13 20:32:44', b'0');

-- ----------------------------
-- Table structure for role
-- ----------------------------
DROP TABLE IF EXISTS `role`;
CREATE TABLE `role`  (
  `role_id` bigint(0) UNSIGNED NOT NULL AUTO_INCREMENT COMMENT '角色id',
  `role_name` varchar(20) CHARACTER SET utf8 COLLATE utf8_general_ci NULL DEFAULT NULL COMMENT '角色名称',
  `creator_id` bigint(0) NOT NULL COMMENT '创建人id',
  `creator_name` varchar(30) CHARACTER SET utf8 COLLATE utf8_general_ci NOT NULL COMMENT '创建人姓名',
  `created_datetime` datetime(0) NOT NULL DEFAULT CURRENT_TIMESTAMP(0) COMMENT '创建时间',
  `modifier_id` bigint(0) NULL DEFAULT NULL COMMENT '修改人id',
  `modifier_name` varchar(30) CHARACTER SET utf8 COLLATE utf8_general_ci NULL DEFAULT NULL COMMENT '修改人姓名',
  `updated_datetime` datetime(0) NULL DEFAULT NULL ON UPDATE CURRENT_TIMESTAMP(0) COMMENT '更新时间',
  PRIMARY KEY (`role_id`) USING BTREE
) ENGINE = InnoDB AUTO_INCREMENT = 2 CHARACTER SET = utf8 COLLATE = utf8_general_ci COMMENT = '角色表' ROW_FORMAT = Dynamic;

-- ----------------------------
-- Records of role
-- ----------------------------
INSERT INTO `role` VALUES (1, 'ROLE_admin', 0, '', '2022-05-04 21:27:44', NULL, NULL, NULL);
INSERT INTO `role` VALUES (2, 'ROLE_user', 0, '', '2022-05-04 21:27:44', NULL, NULL, NULL);

-- ----------------------------
-- Table structure for role_resource
-- ----------------------------
DROP TABLE IF EXISTS `role_resource`;
CREATE TABLE `role_resource`  (
  `role_resource_id` bigint(0) UNSIGNED NOT NULL AUTO_INCREMENT COMMENT '角色资源id',
  `role_id` bigint(0) UNSIGNED NOT NULL COMMENT '角色id',
  `resource_id` bigint(0) UNSIGNED NOT NULL COMMENT '资源id',
  PRIMARY KEY (`role_resource_id`) USING BTREE,
  UNIQUE INDEX `uk[role_resource]role_resource`(`role_id`, `resource_id`) USING BTREE,
  INDEX `fk[role_resource]resource`(`resource_id`) USING BTREE,
  CONSTRAINT `fk[role_resource]resource` FOREIGN KEY (`resource_id`) REFERENCES `resource` (`resource_id`) ON DELETE CASCADE ON UPDATE CASCADE,
  CONSTRAINT `fk[role_resource]role` FOREIGN KEY (`role_id`) REFERENCES `role` (`role_id`) ON DELETE CASCADE ON UPDATE CASCADE
) ENGINE = InnoDB CHARACTER SET = utf8 COLLATE = utf8_general_ci COMMENT = '角色资源表' ROW_FORMAT = Dynamic;

-- ----------------------------
-- Records of role_resource
-- ----------------------------
INSERT INTO `role_resource` VALUES (1, 1, 1);
INSERT INTO `role_resource` VALUES (2, 1, 2);
INSERT INTO `role_resource` VALUES (3, 1, 3);
INSERT INTO `role_resource` VALUES (4, 1, 4);
INSERT INTO `role_resource` VALUES (5, 1, 5);

-- ----------------------------
-- Table structure for user
-- ----------------------------
DROP TABLE IF EXISTS `user`;
CREATE TABLE `user`  (
  `user_id` bigint(0) UNSIGNED NOT NULL AUTO_INCREMENT COMMENT '用户id',
  `phone_number` varchar(11) CHARACTER SET utf8 COLLATE utf8_general_ci NOT NULL COMMENT '手机号',
  `email` varchar(30) CHARACTER SET utf8 COLLATE utf8_general_ci NULL DEFAULT NULL COMMENT '邮箱',
  `user_name` varchar(20) CHARACTER SET utf8 COLLATE utf8_general_ci NOT NULL COMMENT '用户名',
  `pwd` varchar(100) CHARACTER SET utf8 COLLATE utf8_general_ci NULL DEFAULT NULL COMMENT '密码',
  `creator_id` bigint(0) NULL DEFAULT NULL COMMENT '创建人id',
  `creator_name` varchar(30) CHARACTER SET utf8 COLLATE utf8_general_ci NULL DEFAULT NULL COMMENT '创建人姓名',
  `created_datetime` datetime(0) NULL DEFAULT CURRENT_TIMESTAMP(0) COMMENT '创建时间',
  `modifier_id` bigint(0) NULL DEFAULT NULL COMMENT '修改人id',
  `modifier_name` varchar(30) CHARACTER SET utf8 COLLATE utf8_general_ci NULL DEFAULT NULL COMMENT '修改人姓名',
  `updated_datetime` datetime(0) NULL DEFAULT NULL ON UPDATE CURRENT_TIMESTAMP(0) COMMENT '更新时间',
  `deleted` int(0) NOT NULL DEFAULT 0 COMMENT '删除标志，0：表示未删除，1：表示删除',
  PRIMARY KEY (`user_id`) USING BTREE,
  UNIQUE INDEX `uk[user]mobile_number`(`phone_number`) USING BTREE,
  UNIQUE INDEX `uk[user]pid`(`email`) USING BTREE,
  INDEX `FULLTEXT_user`(`user_name`, `phone_number`) USING BTREE,
  INDEX `user_fulltext`(`phone_number`, `user_name`) USING BTREE
) ENGINE = InnoDB AUTO_INCREMENT = 1546681042396835842 CHARACTER SET = utf8 COLLATE = utf8_unicode_ci COMMENT = '用户表' ROW_FORMAT = Dynamic;

-- ----------------------------
-- Records of user
-- ----------------------------
INSERT INTO `user` VALUES (1, '13775899277', 'zhangliang@qq.com', 'zhangliang', '$2a$10$dLFNH07drWDsPEoRU9qnIeTmhlginSBUPx4ndgXC/eG49Wo6njXl6', 0, '', '2022-05-04 21:28:09', NULL, NULL, '2022-06-09 11:16:32', 0);
INSERT INTO `user` VALUES (2, '18652176375', 'wc@qq.com', '文丑', '$2a$10$dLFNH07drWDsPEoRU9qnIeTmhlginSBUPx4ndgXC/eG49Wo6njXl6', 0, '', '2022-05-04 21:28:09', NULL, NULL, '2022-06-09 11:16:32', 0);
INSERT INTO `user` VALUES (3, '13375899279', 'cc@ww.com', '曹操', '$2a$10$dLFNH07drWDsPEoRU9qnIeTmhlginSBUPx4ndgXC/eG49Wo6njXl6', 0, '', '2022-05-04 21:28:09', 1, 'zhangliang', '2022-06-09 10:54:09', 0);
INSERT INTO `user` VALUES (4, '17075899280', 'gy@qq.com', '关羽', '$2a$10$dLFNH07drWDsPEoRU9qnIeTmhlginSBUPx4ndgXC/eG49Wo6njXl6', 0, '', '2022-05-04 21:28:09', NULL, NULL, NULL, 0);
INSERT INTO `user` VALUES (5, '16575899', 'lb@qq.com', '刘备', '$2a$10$dLFNH07drWDsPEoRU9qnIeTmhlginSBUPx4ndgXC/eG49Wo6njXl6', 0, '', '2022-05-04 21:28:09', 1, 'zhangliang', '2022-07-12 10:23:11', 0);
INSERT INTO `user` VALUES (1534738681550884865, 'tranB', 'transactionB@qq.com', 'transactionB', NULL, NULL, NULL, '2022-06-09 11:26:30', 1, 'zhangliang', '2022-07-12 10:26:08', 0);
INSERT INTO `user` VALUES (1534738861293658113, 'tranA', 'transactionA@qq.com', 'transactionA', NULL, NULL, NULL, '2022-06-09 11:27:13', 1, 'zhangliang', '2022-07-12 10:26:20', 0);
INSERT INTO `user` VALUES (1546456495856869377, '13775899288', '11@qq.com', '夏侯惇', NULL, 1, 'zhangliang', '2022-07-11 19:28:55', NULL, NULL, NULL, 0);
INSERT INTO `user` VALUES (1546457613076848641, '98765432136', 'hx@qq.com', '韩信', NULL, 1, 'zhangliang', '2022-07-11 19:33:21', NULL, NULL, NULL, 0);
INSERT INTO `user` VALUES (1546457865418760194, '15798632415', '882@qq.com', '秦始皇', NULL, 1, 'zhangliang', '2022-07-11 19:34:21', NULL, NULL, NULL, 0);

-- ----------------------------
-- Table structure for user_org
-- ----------------------------
DROP TABLE IF EXISTS `user_org`;
CREATE TABLE `user_org`  (
  `user_org_id` bigint(0) UNSIGNED NOT NULL AUTO_INCREMENT COMMENT 'id',
  `user_id` bigint(0) UNSIGNED NOT NULL,
  `org_sn` varchar(50) CHARACTER SET utf8 COLLATE utf8_general_ci NOT NULL,
  `entry_datetime` datetime(0) NULL DEFAULT NULL COMMENT '入职时间',
  `on_job` int(0) NOT NULL DEFAULT 1 COMMENT '在职，0：离职，1：在职',
  `creator_id` bigint(0) NOT NULL COMMENT '创建人id',
  `creator_name` varchar(30) CHARACTER SET utf8 COLLATE utf8_general_ci NOT NULL COMMENT '创建人姓名',
  `created_datetime` datetime(0) NOT NULL DEFAULT CURRENT_TIMESTAMP(0) COMMENT '创建时间',
  `modifier_id` bigint(0) NULL DEFAULT NULL COMMENT '修改人id',
  `modifier_name` varchar(30) CHARACTER SET utf8 COLLATE utf8_general_ci NULL DEFAULT NULL COMMENT '修改人姓名',
  `updated_datetime` datetime(0) NULL DEFAULT NULL ON UPDATE CURRENT_TIMESTAMP(0) COMMENT '更新时间',
  `enabled` int(0) NOT NULL DEFAULT 1 COMMENT '启用，0：禁用，1：启用',
  PRIMARY KEY (`user_org_id`) USING BTREE,
  INDEX `fk[user_org]user`(`user_id`) USING BTREE,
  INDEX `fk[user_org]org`(`org_sn`) USING BTREE,
  CONSTRAINT `fk[user_org]org` FOREIGN KEY (`org_sn`) REFERENCES `org` (`org_sn`) ON DELETE CASCADE ON UPDATE CASCADE,
  CONSTRAINT `fk[user_org]user` FOREIGN KEY (`user_id`) REFERENCES `user` (`user_id`) ON DELETE CASCADE ON UPDATE CASCADE
) ENGINE = InnoDB CHARACTER SET = utf8 COLLATE = utf8_general_ci ROW_FORMAT = Dynamic;

-- ----------------------------
-- Table structure for user_role
-- ----------------------------
DROP TABLE IF EXISTS `user_role`;
CREATE TABLE `user_role`  (
  `user_role_id` bigint(0) NOT NULL COMMENT '用户角色id',
  `user_id` bigint(0) UNSIGNED NOT NULL COMMENT '用户id',
  `role_id` bigint(0) UNSIGNED NOT NULL COMMENT '角色id',
  `creator_id` bigint(0) NOT NULL COMMENT '创建人id',
  `creator_name` varchar(30) CHARACTER SET utf8 COLLATE utf8_general_ci NOT NULL COMMENT '创建人姓名',
  `created_datetime` datetime(0) NOT NULL DEFAULT CURRENT_TIMESTAMP(0) COMMENT '创建时间',
  PRIMARY KEY (`user_role_id`) USING BTREE,
  UNIQUE INDEX `uk[user_role]user_sn_role_sn`(`user_id`, `role_id`) USING BTREE,
  INDEX `fk[user_role]role_sn`(`role_id`) USING BTREE,
  CONSTRAINT `fk[user_role]role` FOREIGN KEY (`role_id`) REFERENCES `role` (`role_id`) ON DELETE CASCADE ON UPDATE CASCADE,
  CONSTRAINT `fk[user_role]user` FOREIGN KEY (`user_id`) REFERENCES `user` (`user_id`) ON DELETE CASCADE ON UPDATE CASCADE
) ENGINE = InnoDB CHARACTER SET = utf8 COLLATE = utf8_general_ci COMMENT = '用户角色表' ROW_FORMAT = Dynamic;

-- ----------------------------
-- Records of user_role
-- ----------------------------
INSERT INTO `user_role` VALUES (1, 1, 1, 0, '', '2022-05-04 21:29:01');
INSERT INTO `user_role` VALUES (2, 2, 2, 0, '', '2022-05-04 21:29:01');
INSERT INTO `user_role` VALUES (1546456495856869378, 1546456495856869377, 1, 1, 'zhangliang', '2022-07-11 19:28:55');
INSERT INTO `user_role` VALUES (1546456495903006722, 1546456495856869377, 2, 1, 'zhangliang', '2022-07-11 19:28:55');
INSERT INTO `user_role` VALUES (1546457613076848642, 1546457613076848641, 2, 1, 'zhangliang', '2022-07-11 19:33:21');
INSERT INTO `user_role` VALUES (1546457865485869058, 1546457865418760194, 1, 1, 'zhangliang', '2022-07-11 19:34:21');
INSERT INTO `user_role` VALUES (1546682256584937473, 5, 1, 1, 'zhangliang', '2022-07-12 10:26:00');
INSERT INTO `user_role` VALUES (1546682256610103297, 5, 2, 1, 'zhangliang', '2022-07-12 10:26:00');
INSERT INTO `user_role` VALUES (1546682338474528770, 1534738861293658113, 2, 1, 'zhangliang', '2022-07-12 10:26:20');
INSERT INTO `user_role` VALUES (1547170912701542401, 1534738681550884865, 2, 1, 'zhangliang', '2022-07-13 18:47:45');
INSERT INTO `user_role` VALUES (1547170912701542402, 1534738681550884865, 1, 1, 'zhangliang', '2022-07-13 18:47:45');
INSERT INTO `user_role` VALUES (1547195874351026177, 3, 2, 1, 'zhangliang', '2022-07-13 20:26:56');

-- ----------------------------
-- Procedure structure for delete_user
-- ----------------------------
DROP PROCEDURE IF EXISTS `delete_user`;
delimiter ;;
CREATE PROCEDURE `delete_user`(IN in_user_id BIGINT)
BEGIN
	DELETE FROM `user` where id=in_user_id;
END
;;
delimiter ;

-- ----------------------------
-- Procedure structure for find_by_id
-- ----------------------------
DROP PROCEDURE IF EXISTS `find_by_id`;
delimiter ;;
CREATE PROCEDURE `find_by_id`(IN `userId` int)
BEGIN	
	select * from user where user_id=userId;
END
;;
delimiter ;

-- ----------------------------
-- Procedure structure for find_by_org_sn
-- ----------------------------
DROP PROCEDURE IF EXISTS `find_by_org_sn`;
delimiter ;;
CREATE PROCEDURE `find_by_org_sn`(IN `orgSn` varchar(50))
BEGIN
	select * from user where org_sn like concat(orgSn,'%');
END
;;
delimiter ;

-- ----------------------------
-- Function structure for getUserCount
-- ----------------------------
DROP FUNCTION IF EXISTS `getUserCount`;
delimiter ;;
CREATE FUNCTION `getUserCount`(`in_department_sn` varchar(50))
 RETURNS int
BEGIN
	declare cnt int;
	select count(*) into cnt from `user` where department_sn like concat(in_department_sn,'%');
	RETURN cnt;
END
;;
delimiter ;

-- ----------------------------
-- Procedure structure for insert_user
-- ----------------------------
DROP PROCEDURE IF EXISTS `insert_user`;
delimiter ;;
CREATE PROCEDURE `insert_user`(OUT v_id INTEGER,IN v_pid VARCHAR(18),IN v_user_sn VARCHAR(50),IN v_mobile_number VARCHAR(50),
IN v_user_name VARCHAR(20),IN v_pwd VARCHAR(100),IN v_enabled bit,IN deleted bit)
BEGIN
	INSERT INTO `ec`.`user`(v_pid, v_mobile_number, v_user_sn, v_user_name, v_pwd, v_enabled, v_deleted) 
	VALUES (v_pid, v_mobile_number, v_user_sn, v_user_name, v_pwd, v_enabled, v_deleted);
	set v_id=LAST_INSERT_ID();
END
;;
delimiter ;

-- ----------------------------
-- Procedure structure for select_all_users
-- ----------------------------
DROP PROCEDURE IF EXISTS `select_all_users`;
delimiter ;;
CREATE PROCEDURE `select_all_users`(IN `deprtmentSn` varchar(50))
BEGIN
	select * from user where department_sn=deprtmentSn;
END
;;
delimiter ;

-- ----------------------------
-- Procedure structure for select_by_deleted
-- ----------------------------
DROP PROCEDURE IF EXISTS `select_by_deleted`;
delimiter ;;
CREATE PROCEDURE `select_by_deleted`(IN `in_deleted` bit)
BEGIN
	select * from `user` where deleted=in_deleted;	
END
;;
delimiter ;

-- ----------------------------
-- Procedure structure for select_user_by_department_sn
-- ----------------------------
DROP PROCEDURE IF EXISTS `select_user_by_department_sn`;
delimiter ;;
CREATE PROCEDURE `select_user_by_department_sn`(IN in_department_sn varchar(30),OUT out_count int)
BEGIN
	SELECT * FROM `user` where department_sn=in_department_sn;
	SELECT count(*) into out_count FROM `user` WHERE 	department_sn=in_department_sn;
END
;;
delimiter ;

-- ----------------------------
-- Procedure structure for sp_demo
-- ----------------------------
DROP PROCEDURE IF EXISTS `sp_demo`;
delimiter ;;
CREATE PROCEDURE `sp_demo`(IN in_department_sn varchar(30),OUT out_count int)
BEGIN
	SELECT * FROM `user` where department_sn=in_department_sn;
	SELECT count(*) into out_count FROM `user` WHERE 	department_sn=in_department_sn;
END
;;
delimiter ;

-- ----------------------------
-- Procedure structure for ssss
-- ----------------------------
DROP PROCEDURE IF EXISTS `ssss`;
delimiter ;;
CREATE PROCEDURE `ssss`(IN `kkk` varchar(50))
BEGIN
	select * from `user` where department_sn like concat(kkk,'%');

END
;;
delimiter ;

-- ----------------------------
-- Procedure structure for update_user
-- ----------------------------
DROP PROCEDURE IF EXISTS `update_user`;
delimiter ;;
CREATE PROCEDURE `update_user`(IN v_id INTEGER,IN v_pid VARCHAR(18),IN v_user_sn VARCHAR(50),IN v_mobile_number VARCHAR(50),
IN v_user_name VARCHAR(20),IN v_pwd VARCHAR(100),IN v_department_sn VARCHAR(100),IN v_enabled bit,IN v_deleted bit)
BEGIN
	UPDATE `user` set pid=v_pid,user_sn=v_user_sn,mobile_number=v_mobile_number,user_name=v_user_name,pwd=v_pwd,department_sn=v_department_sn,enabled=v_enabled,deleted=v_deleted where id=v_id;
	select row_count();
END
;;
delimiter ;

SET FOREIGN_KEY_CHECKS = 1;
